ISO-10303-21;
HEADER;
FILE_DESCRIPTION(('FreeCAD Model'),'2;1');
FILE_NAME('Open CASCADE Shape Model','2026-07-06T22:38:11',(''),(''),
  'Open CASCADE STEP processor 7.8','FreeCAD','Unknown');
FILE_SCHEMA(('AUTOMOTIVE_DESIGN { 1 0 10303 214 1 1 1 1 }'));
ENDSEC;
DATA;
#1 = APPLICATION_PROTOCOL_DEFINITION('international standard',
  'automotive_design',2000,#2);
#2 = APPLICATION_CONTEXT(
  'core data for automotive mechanical design processes');
#3 = SHAPE_DEFINITION_REPRESENTATION(#4,#10);
#4 = PRODUCT_DEFINITION_SHAPE('','',#5);
#5 = PRODUCT_DEFINITION('design','',#6,#9);
#6 = PRODUCT_DEFINITION_FORMATION('','',#7);
#7 = PRODUCT('valve','valve','',(#8));
#8 = PRODUCT_CONTEXT('',#2,'mechanical');
#9 = PRODUCT_DEFINITION_CONTEXT('part definition',#2,'design');
#10 = SHAPE_REPRESENTATION('',(#11,#15,#19,#23,#27,#31,#35,#39,#43),#47
  );
#11 = AXIS2_PLACEMENT_3D('',#12,#13,#14);
#12 = CARTESIAN_POINT('',(0.,0.,0.));
#13 = DIRECTION('',(0.,0.,1.));
#14 = DIRECTION('',(1.,0.,-0.));
#15 = AXIS2_PLACEMENT_3D('',#16,#17,#18);
#16 = CARTESIAN_POINT('',(0.,0.,0.));
#17 = DIRECTION('',(0.,0.,1.));
#18 = DIRECTION('',(1.,0.,0.));
#19 = AXIS2_PLACEMENT_3D('',#20,#21,#22);
#20 = CARTESIAN_POINT('',(0.,0.,0.));
#21 = DIRECTION('',(0.,0.,1.));
#22 = DIRECTION('',(1.,0.,0.));
#23 = AXIS2_PLACEMENT_3D('',#24,#25,#26);
#24 = CARTESIAN_POINT('',(0.,0.,0.));
#25 = DIRECTION('',(0.,0.,1.));
#26 = DIRECTION('',(1.,0.,0.));
#27 = AXIS2_PLACEMENT_3D('',#28,#29,#30);
#28 = CARTESIAN_POINT('',(0.,0.,0.));
#29 = DIRECTION('',(0.,0.,1.));
#30 = DIRECTION('',(1.,0.,0.));
#31 = AXIS2_PLACEMENT_3D('',#32,#33,#34);
#32 = CARTESIAN_POINT('',(0.,0.,0.));
#33 = DIRECTION('',(0.,0.,1.));
#34 = DIRECTION('',(1.,0.,0.));
#35 = AXIS2_PLACEMENT_3D('',#36,#37,#38);
#36 = CARTESIAN_POINT('',(0.,0.,0.));
#37 = DIRECTION('',(0.,0.,1.));
#38 = DIRECTION('',(1.,0.,0.));
#39 = AXIS2_PLACEMENT_3D('',#40,#41,#42);
#40 = CARTESIAN_POINT('',(0.,0.,0.));
#41 = DIRECTION('',(0.,0.,1.));
#42 = DIRECTION('',(1.,0.,0.));
#43 = AXIS2_PLACEMENT_3D('',#44,#45,#46);
#44 = CARTESIAN_POINT('',(0.,0.,0.));
#45 = DIRECTION('',(0.,0.,1.));
#46 = DIRECTION('',(1.,0.,0.));
#47 = ( GEOMETRIC_REPRESENTATION_CONTEXT(3) 
GLOBAL_UNCERTAINTY_ASSIGNED_CONTEXT((#51)) GLOBAL_UNIT_ASSIGNED_CONTEXT(
(#48,#49,#50)) REPRESENTATION_CONTEXT('Context #1',
  '3D Context with UNIT and UNCERTAINTY') );
#48 = ( LENGTH_UNIT() NAMED_UNIT(*) SI_UNIT(.MILLI.,.METRE.) );
#49 = ( NAMED_UNIT(*) PLANE_ANGLE_UNIT() SI_UNIT($,.RADIAN.) );
#50 = ( NAMED_UNIT(*) SI_UNIT($,.STERADIAN.) SOLID_ANGLE_UNIT() );
#51 = UNCERTAINTY_MEASURE_WITH_UNIT(LENGTH_MEASURE(2.E-07),#48,
  'distance_accuracy_value','confusion accuracy');
#52 = PRODUCT_RELATED_PRODUCT_CATEGORY('part',$,(#7));
#53 = SHAPE_DEFINITION_REPRESENTATION(#54,#60);
#54 = PRODUCT_DEFINITION_SHAPE('','',#55);
#55 = PRODUCT_DEFINITION('design','',#56,#59);
#56 = PRODUCT_DEFINITION_FORMATION('','',#57);
#57 = PRODUCT('main_body','main_body','',(#58));
#58 = PRODUCT_CONTEXT('',#2,'mechanical');
#59 = PRODUCT_DEFINITION_CONTEXT('part definition',#2,'design');
#60 = ADVANCED_BREP_SHAPE_REPRESENTATION('',(#11,#61),#1059);
#61 = MANIFOLD_SOLID_BREP('',#62);
#62 = CLOSED_SHELL('',(#63,#167,#198,#222,#246,#295,#326,#421,#452,#476,
    #500,#549,#566,#583,#604,#630,#702,#727,#752,#777,#802,#827,#852,
    #877,#902,#927,#952,#969,#986,#998,#1015,#1032));
#63 = ADVANCED_FACE('',(#64),#162,.T.);
#64 = FACE_BOUND('',#65,.T.);
#65 = EDGE_LOOP('',(#66,#76,#84,#92,#100,#108,#116,#124,#132,#140,#148,
    #156));
#66 = ORIENTED_EDGE('',*,*,#67,.F.);
#67 = EDGE_CURVE('',#68,#70,#72,.T.);
#68 = VERTEX_POINT('',#69);
#69 = CARTESIAN_POINT('',(1.6,12.,106.));
#70 = VERTEX_POINT('',#71);
#71 = CARTESIAN_POINT('',(1.6,3.2,106.));
#72 = LINE('',#73,#74);
#73 = CARTESIAN_POINT('',(1.6,12.4,106.));
#74 = VECTOR('',#75,1.);
#75 = DIRECTION('',(0.,-1.,0.));
#76 = ORIENTED_EDGE('',*,*,#77,.T.);
#77 = EDGE_CURVE('',#68,#78,#80,.T.);
#78 = VERTEX_POINT('',#79);
#79 = CARTESIAN_POINT('',(1.2,12.4,106.));
#80 = LINE('',#81,#82);
#81 = CARTESIAN_POINT('',(5.698648648649,7.901351351351,106.));
#82 = VECTOR('',#83,1.);
#83 = DIRECTION('',(-0.707106781187,0.707106781187,0.));
#84 = ORIENTED_EDGE('',*,*,#85,.F.);
#85 = EDGE_CURVE('',#86,#78,#88,.T.);
#86 = VERTEX_POINT('',#87);
#87 = CARTESIAN_POINT('',(0.8,12.4,106.));
#88 = LINE('',#89,#90);
#89 = CARTESIAN_POINT('',(1.E-14,12.4,106.));
#90 = VECTOR('',#91,1.);
#91 = DIRECTION('',(1.,0.,0.));
#92 = ORIENTED_EDGE('',*,*,#93,.T.);
#93 = EDGE_CURVE('',#86,#94,#96,.T.);
#94 = VERTEX_POINT('',#95);
#95 = CARTESIAN_POINT('',(0.8,0.8,106.));
#96 = LINE('',#97,#98);
#97 = CARTESIAN_POINT('',(0.8,12.4,106.));
#98 = VECTOR('',#99,1.);
#99 = DIRECTION('',(0.,-1.,0.));
#100 = ORIENTED_EDGE('',*,*,#101,.T.);
#101 = EDGE_CURVE('',#94,#102,#104,.T.);
#102 = VERTEX_POINT('',#103);
#103 = CARTESIAN_POINT('',(20.4,0.8,106.));
#104 = LINE('',#105,#106);
#105 = CARTESIAN_POINT('',(0.8,0.8,106.));
#106 = VECTOR('',#107,1.);
#107 = DIRECTION('',(1.,0.,0.));
#108 = ORIENTED_EDGE('',*,*,#109,.T.);
#109 = EDGE_CURVE('',#102,#110,#112,.T.);
#110 = VERTEX_POINT('',#111);
#111 = CARTESIAN_POINT('',(20.4,12.399999999976,106.));
#112 = LINE('',#113,#114);
#113 = CARTESIAN_POINT('',(20.4,0.8,106.));
#114 = VECTOR('',#115,1.);
#115 = DIRECTION('',(0.,1.,0.));
#116 = ORIENTED_EDGE('',*,*,#117,.F.);
#117 = EDGE_CURVE('',#118,#110,#120,.T.);
#118 = VERTEX_POINT('',#119);
#119 = CARTESIAN_POINT('',(20.,12.399999999972,106.));
#120 = LINE('',#121,#122);
#121 = CARTESIAN_POINT('',(19.6,12.39999999997,106.));
#122 = VECTOR('',#123,1.);
#123 = DIRECTION('',(1.,0.,0.));
#124 = ORIENTED_EDGE('',*,*,#125,.F.);
#125 = EDGE_CURVE('',#126,#118,#128,.T.);
#126 = VERTEX_POINT('',#127);
#127 = CARTESIAN_POINT('',(19.6,11.999999999971,106.));
#128 = LINE('',#129,#130);
#129 = CARTESIAN_POINT('',(15.501351351362,7.901351351321,106.));
#130 = VECTOR('',#131,1.);
#131 = DIRECTION('',(0.707106781185,0.707106781188,0.));
#132 = ORIENTED_EDGE('',*,*,#133,.F.);
#133 = EDGE_CURVE('',#134,#126,#136,.T.);
#134 = VERTEX_POINT('',#135);
#135 = CARTESIAN_POINT('',(19.6,3.2,106.));
#136 = LINE('',#137,#138);
#137 = CARTESIAN_POINT('',(19.6,1.6,106.));
#138 = VECTOR('',#139,1.);
#139 = DIRECTION('',(0.,1.,0.));
#140 = ORIENTED_EDGE('',*,*,#141,.T.);
#141 = EDGE_CURVE('',#134,#142,#144,.T.);
#142 = VERTEX_POINT('',#143);
#143 = CARTESIAN_POINT('',(18.,1.6,106.));
#144 = LINE('',#145,#146);
#145 = CARTESIAN_POINT('',(17.201351351348,0.801351351348,106.));
#146 = VECTOR('',#147,1.);
#147 = DIRECTION('',(-0.707106781187,-0.707106781187,0.));
#148 = ORIENTED_EDGE('',*,*,#149,.F.);
#149 = EDGE_CURVE('',#150,#142,#152,.T.);
#150 = VERTEX_POINT('',#151);
#151 = CARTESIAN_POINT('',(3.2,1.6,106.));
#152 = LINE('',#153,#154);
#153 = CARTESIAN_POINT('',(1.6,1.6,106.));
#154 = VECTOR('',#155,1.);
#155 = DIRECTION('',(1.,0.,0.));
#156 = ORIENTED_EDGE('',*,*,#157,.F.);
#157 = EDGE_CURVE('',#70,#150,#158,.T.);
#158 = LINE('',#159,#160);
#159 = CARTESIAN_POINT('',(3.998648648649,0.801351351351,106.));
#160 = VECTOR('',#161,1.);
#161 = DIRECTION('',(0.707106781187,-0.707106781187,0.));
#162 = PLANE('',#163);
#163 = AXIS2_PLACEMENT_3D('',#164,#165,#166);
#164 = CARTESIAN_POINT('',(10.599999999993,4.205405405399,106.));
#165 = DIRECTION('',(0.,0.,1.));
#166 = DIRECTION('',(1.,0.,0.));
#167 = ADVANCED_FACE('',(#168),#193,.T.);
#168 = FACE_BOUND('',#169,.T.);
#169 = EDGE_LOOP('',(#170,#178,#186,#192));
#170 = ORIENTED_EDGE('',*,*,#171,.T.);
#171 = EDGE_CURVE('',#86,#172,#174,.T.);
#172 = VERTEX_POINT('',#173);
#173 = CARTESIAN_POINT('',(0.8,12.4,110.));
#174 = LINE('',#175,#176);
#175 = CARTESIAN_POINT('',(0.8,12.4,106.));
#176 = VECTOR('',#177,1.);
#177 = DIRECTION('',(0.,0.,1.));
#178 = ORIENTED_EDGE('',*,*,#179,.T.);
#179 = EDGE_CURVE('',#172,#180,#182,.T.);
#180 = VERTEX_POINT('',#181);
#181 = CARTESIAN_POINT('',(0.8,0.8,110.));
#182 = LINE('',#183,#184);
#183 = CARTESIAN_POINT('',(0.8,12.4,110.));
#184 = VECTOR('',#185,1.);
#185 = DIRECTION('',(0.,-1.,0.));
#186 = ORIENTED_EDGE('',*,*,#187,.F.);
#187 = EDGE_CURVE('',#94,#180,#188,.T.);
#188 = LINE('',#189,#190);
#189 = CARTESIAN_POINT('',(0.8,0.8,106.));
#190 = VECTOR('',#191,1.);
#191 = DIRECTION('',(0.,0.,1.));
#192 = ORIENTED_EDGE('',*,*,#93,.F.);
#193 = PLANE('',#194);
#194 = AXIS2_PLACEMENT_3D('',#195,#196,#197);
#195 = CARTESIAN_POINT('',(0.8,12.4,106.));
#196 = DIRECTION('',(1.,0.,0.));
#197 = DIRECTION('',(0.,-1.,0.));
#198 = ADVANCED_FACE('',(#199),#217,.T.);
#199 = FACE_BOUND('',#200,.T.);
#200 = EDGE_LOOP('',(#201,#202,#210,#216));
#201 = ORIENTED_EDGE('',*,*,#187,.T.);
#202 = ORIENTED_EDGE('',*,*,#203,.T.);
#203 = EDGE_CURVE('',#180,#204,#206,.T.);
#204 = VERTEX_POINT('',#205);
#205 = CARTESIAN_POINT('',(20.4,0.8,110.));
#206 = LINE('',#207,#208);
#207 = CARTESIAN_POINT('',(0.8,0.8,110.));
#208 = VECTOR('',#209,1.);
#209 = DIRECTION('',(1.,0.,0.));
#210 = ORIENTED_EDGE('',*,*,#211,.F.);
#211 = EDGE_CURVE('',#102,#204,#212,.T.);
#212 = LINE('',#213,#214);
#213 = CARTESIAN_POINT('',(20.4,0.8,106.));
#214 = VECTOR('',#215,1.);
#215 = DIRECTION('',(0.,0.,1.));
#216 = ORIENTED_EDGE('',*,*,#101,.F.);
#217 = PLANE('',#218);
#218 = AXIS2_PLACEMENT_3D('',#219,#220,#221);
#219 = CARTESIAN_POINT('',(0.8,0.8,106.));
#220 = DIRECTION('',(0.,1.,0.));
#221 = DIRECTION('',(1.,0.,0.));
#222 = ADVANCED_FACE('',(#223),#241,.T.);
#223 = FACE_BOUND('',#224,.T.);
#224 = EDGE_LOOP('',(#225,#226,#234,#240));
#225 = ORIENTED_EDGE('',*,*,#211,.T.);
#226 = ORIENTED_EDGE('',*,*,#227,.T.);
#227 = EDGE_CURVE('',#204,#228,#230,.T.);
#228 = VERTEX_POINT('',#229);
#229 = CARTESIAN_POINT('',(20.4,12.399999999976,110.));
#230 = LINE('',#231,#232);
#231 = CARTESIAN_POINT('',(20.4,0.8,110.));
#232 = VECTOR('',#233,1.);
#233 = DIRECTION('',(0.,1.,0.));
#234 = ORIENTED_EDGE('',*,*,#235,.F.);
#235 = EDGE_CURVE('',#110,#228,#236,.T.);
#236 = LINE('',#237,#238);
#237 = CARTESIAN_POINT('',(20.4,12.399999999976,106.));
#238 = VECTOR('',#239,1.);
#239 = DIRECTION('',(0.,0.,1.));
#240 = ORIENTED_EDGE('',*,*,#109,.F.);
#241 = PLANE('',#242);
#242 = AXIS2_PLACEMENT_3D('',#243,#244,#245);
#243 = CARTESIAN_POINT('',(20.4,0.8,106.));
#244 = DIRECTION('',(-1.,0.,0.));
#245 = DIRECTION('',(0.,1.,0.));
#246 = ADVANCED_FACE('',(#247),#290,.T.);
#247 = FACE_BOUND('',#248,.F.);
#248 = EDGE_LOOP('',(#249,#259,#265,#266,#267,#268,#276,#284));
#249 = ORIENTED_EDGE('',*,*,#250,.T.);
#250 = EDGE_CURVE('',#251,#253,#255,.T.);
#251 = VERTEX_POINT('',#252);
#252 = CARTESIAN_POINT('',(1.E-14,1.E-14,110.));
#253 = VERTEX_POINT('',#254);
#254 = CARTESIAN_POINT('',(1.E-14,12.4,110.));
#255 = LINE('',#256,#257);
#256 = CARTESIAN_POINT('',(1.E-14,1.E-14,110.));
#257 = VECTOR('',#258,1.);
#258 = DIRECTION('',(0.,1.,0.));
#259 = ORIENTED_EDGE('',*,*,#260,.T.);
#260 = EDGE_CURVE('',#253,#172,#261,.T.);
#261 = LINE('',#262,#263);
#262 = CARTESIAN_POINT('',(1.E-14,12.4,110.));
#263 = VECTOR('',#264,1.);
#264 = DIRECTION('',(1.,0.,0.));
#265 = ORIENTED_EDGE('',*,*,#179,.T.);
#266 = ORIENTED_EDGE('',*,*,#203,.T.);
#267 = ORIENTED_EDGE('',*,*,#227,.T.);
#268 = ORIENTED_EDGE('',*,*,#269,.T.);
#269 = EDGE_CURVE('',#228,#270,#272,.T.);
#270 = VERTEX_POINT('',#271);
#271 = CARTESIAN_POINT('',(21.2,12.399999999976,110.));
#272 = LINE('',#273,#274);
#273 = CARTESIAN_POINT('',(20.4,12.399999999976,110.));
#274 = VECTOR('',#275,1.);
#275 = DIRECTION('',(1.,0.,0.));
#276 = ORIENTED_EDGE('',*,*,#277,.T.);
#277 = EDGE_CURVE('',#270,#278,#280,.T.);
#278 = VERTEX_POINT('',#279);
#279 = CARTESIAN_POINT('',(21.2,1.E-14,110.));
#280 = LINE('',#281,#282);
#281 = CARTESIAN_POINT('',(21.2,12.399999999976,110.));
#282 = VECTOR('',#283,1.);
#283 = DIRECTION('',(0.,-1.,0.));
#284 = ORIENTED_EDGE('',*,*,#285,.T.);
#285 = EDGE_CURVE('',#278,#251,#286,.T.);
#286 = LINE('',#287,#288);
#287 = CARTESIAN_POINT('',(21.2,1.E-14,110.));
#288 = VECTOR('',#289,1.);
#289 = DIRECTION('',(-1.,0.,0.));
#290 = PLANE('',#291);
#291 = AXIS2_PLACEMENT_3D('',#292,#293,#294);
#292 = CARTESIAN_POINT('',(10.599999999995,3.787610619464,110.));
#293 = DIRECTION('',(0.,0.,1.));
#294 = DIRECTION('',(1.,0.,0.));
#295 = ADVANCED_FACE('',(#296),#321,.T.);
#296 = FACE_BOUND('',#297,.T.);
#297 = EDGE_LOOP('',(#298,#306,#307,#315));
#298 = ORIENTED_EDGE('',*,*,#299,.T.);
#299 = EDGE_CURVE('',#300,#68,#302,.T.);
#300 = VERTEX_POINT('',#301);
#301 = CARTESIAN_POINT('',(1.6,12.,-4.));
#302 = LINE('',#303,#304);
#303 = CARTESIAN_POINT('',(1.6,12.,-4.));
#304 = VECTOR('',#305,1.);
#305 = DIRECTION('',(0.,0.,1.));
#306 = ORIENTED_EDGE('',*,*,#67,.T.);
#307 = ORIENTED_EDGE('',*,*,#308,.F.);
#308 = EDGE_CURVE('',#309,#70,#311,.T.);
#309 = VERTEX_POINT('',#310);
#310 = CARTESIAN_POINT('',(1.6,3.2,-4.));
#311 = LINE('',#312,#313);
#312 = CARTESIAN_POINT('',(1.6,3.2,84.));
#313 = VECTOR('',#314,1.);
#314 = DIRECTION('',(0.,0.,1.));
#315 = ORIENTED_EDGE('',*,*,#316,.F.);
#316 = EDGE_CURVE('',#300,#309,#317,.T.);
#317 = LINE('',#318,#319);
#318 = CARTESIAN_POINT('',(1.6,12.4,-4.));
#319 = VECTOR('',#320,1.);
#320 = DIRECTION('',(0.,-1.,0.));
#321 = PLANE('',#322);
#322 = AXIS2_PLACEMENT_3D('',#323,#324,#325);
#323 = CARTESIAN_POINT('',(1.6,7.6,51.));
#324 = DIRECTION('',(1.,0.,0.));
#325 = DIRECTION('',(0.,0.,1.));
#326 = ADVANCED_FACE('',(#327),#416,.F.);
#327 = FACE_BOUND('',#328,.F.);
#328 = EDGE_LOOP('',(#329,#330,#338,#346,#354,#362,#370,#378,#386,#394,
    #402,#410));
#329 = ORIENTED_EDGE('',*,*,#316,.F.);
#330 = ORIENTED_EDGE('',*,*,#331,.T.);
#331 = EDGE_CURVE('',#300,#332,#334,.T.);
#332 = VERTEX_POINT('',#333);
#333 = CARTESIAN_POINT('',(1.2,12.4,-4.));
#334 = LINE('',#335,#336);
#335 = CARTESIAN_POINT('',(5.652857142857,7.947142857143,-4.));
#336 = VECTOR('',#337,1.);
#337 = DIRECTION('',(-0.707106781187,0.707106781187,0.));
#338 = ORIENTED_EDGE('',*,*,#339,.F.);
#339 = EDGE_CURVE('',#340,#332,#342,.T.);
#340 = VERTEX_POINT('',#341);
#341 = CARTESIAN_POINT('',(0.8,12.4,-4.));
#342 = LINE('',#343,#344);
#343 = CARTESIAN_POINT('',(0.8,12.4,-4.));
#344 = VECTOR('',#345,1.);
#345 = DIRECTION('',(1.,0.,0.));
#346 = ORIENTED_EDGE('',*,*,#347,.F.);
#347 = EDGE_CURVE('',#348,#340,#350,.T.);
#348 = VERTEX_POINT('',#349);
#349 = CARTESIAN_POINT('',(0.8,0.8,-4.));
#350 = LINE('',#351,#352);
#351 = CARTESIAN_POINT('',(0.8,0.8,-4.));
#352 = VECTOR('',#353,1.);
#353 = DIRECTION('',(0.,1.,0.));
#354 = ORIENTED_EDGE('',*,*,#355,.F.);
#355 = EDGE_CURVE('',#356,#348,#358,.T.);
#356 = VERTEX_POINT('',#357);
#357 = CARTESIAN_POINT('',(20.4,0.8,-4.));
#358 = LINE('',#359,#360);
#359 = CARTESIAN_POINT('',(20.4,0.8,-4.));
#360 = VECTOR('',#361,1.);
#361 = DIRECTION('',(-1.,0.,0.));
#362 = ORIENTED_EDGE('',*,*,#363,.F.);
#363 = EDGE_CURVE('',#364,#356,#366,.T.);
#364 = VERTEX_POINT('',#365);
#365 = CARTESIAN_POINT('',(20.4,12.39999999997,-4.));
#366 = LINE('',#367,#368);
#367 = CARTESIAN_POINT('',(20.4,12.39999999997,-4.));
#368 = VECTOR('',#369,1.);
#369 = DIRECTION('',(0.,-1.,0.));
#370 = ORIENTED_EDGE('',*,*,#371,.F.);
#371 = EDGE_CURVE('',#372,#364,#374,.T.);
#372 = VERTEX_POINT('',#373);
#373 = CARTESIAN_POINT('',(20.000000000001,12.399999999972,-4.));
#374 = LINE('',#375,#376);
#375 = CARTESIAN_POINT('',(19.6,12.39999999997,-4.));
#376 = VECTOR('',#377,1.);
#377 = DIRECTION('',(1.,0.,0.));
#378 = ORIENTED_EDGE('',*,*,#379,.F.);
#379 = EDGE_CURVE('',#380,#372,#382,.T.);
#380 = VERTEX_POINT('',#381);
#381 = CARTESIAN_POINT('',(19.600000000001,11.99999999997,-4.));
#382 = LINE('',#383,#384);
#383 = CARTESIAN_POINT('',(15.547142857154,7.947142857112,-4.));
#384 = VECTOR('',#385,1.);
#385 = DIRECTION('',(0.707106781185,0.707106781188,0.));
#386 = ORIENTED_EDGE('',*,*,#387,.F.);
#387 = EDGE_CURVE('',#388,#380,#390,.T.);
#388 = VERTEX_POINT('',#389);
#389 = CARTESIAN_POINT('',(19.6,3.2,-4.));
#390 = LINE('',#391,#392);
#391 = CARTESIAN_POINT('',(19.6,1.6,-4.));
#392 = VECTOR('',#393,1.);
#393 = DIRECTION('',(0.,1.,0.));
#394 = ORIENTED_EDGE('',*,*,#395,.T.);
#395 = EDGE_CURVE('',#388,#396,#398,.T.);
#396 = VERTEX_POINT('',#397);
#397 = CARTESIAN_POINT('',(18.,1.6,-4.));
#398 = LINE('',#399,#400);
#399 = CARTESIAN_POINT('',(17.24714285714,0.84714285714,-4.));
#400 = VECTOR('',#401,1.);
#401 = DIRECTION('',(-0.707106781187,-0.707106781187,0.));
#402 = ORIENTED_EDGE('',*,*,#403,.F.);
#403 = EDGE_CURVE('',#404,#396,#406,.T.);
#404 = VERTEX_POINT('',#405);
#405 = CARTESIAN_POINT('',(3.2,1.6,-4.));
#406 = LINE('',#407,#408);
#407 = CARTESIAN_POINT('',(1.6,1.6,-4.));
#408 = VECTOR('',#409,1.);
#409 = DIRECTION('',(1.,0.,0.));
#410 = ORIENTED_EDGE('',*,*,#411,.F.);
#411 = EDGE_CURVE('',#309,#404,#412,.T.);
#412 = LINE('',#413,#414);
#413 = CARTESIAN_POINT('',(3.952857142857,0.847142857143,-4.));
#414 = VECTOR('',#415,1.);
#415 = DIRECTION('',(0.707106781187,-0.707106781187,0.));
#416 = PLANE('',#417);
#417 = AXIS2_PLACEMENT_3D('',#418,#419,#420);
#418 = CARTESIAN_POINT('',(10.599999999993,4.388571428565,-4.));
#419 = DIRECTION('',(0.,0.,1.));
#420 = DIRECTION('',(1.,0.,0.));
#421 = ADVANCED_FACE('',(#422),#447,.F.);
#422 = FACE_BOUND('',#423,.F.);
#423 = EDGE_LOOP('',(#424,#432,#433,#441));
#424 = ORIENTED_EDGE('',*,*,#425,.T.);
#425 = EDGE_CURVE('',#426,#348,#428,.T.);
#426 = VERTEX_POINT('',#427);
#427 = CARTESIAN_POINT('',(0.8,0.8,0.));
#428 = LINE('',#429,#430);
#429 = CARTESIAN_POINT('',(0.8,0.8,0.));
#430 = VECTOR('',#431,1.);
#431 = DIRECTION('',(0.,0.,-1.));
#432 = ORIENTED_EDGE('',*,*,#347,.T.);
#433 = ORIENTED_EDGE('',*,*,#434,.F.);
#434 = EDGE_CURVE('',#435,#340,#437,.T.);
#435 = VERTEX_POINT('',#436);
#436 = CARTESIAN_POINT('',(0.8,12.4,0.));
#437 = LINE('',#438,#439);
#438 = CARTESIAN_POINT('',(0.8,12.4,0.));
#439 = VECTOR('',#440,1.);
#440 = DIRECTION('',(0.,0.,-1.));
#441 = ORIENTED_EDGE('',*,*,#442,.F.);
#442 = EDGE_CURVE('',#426,#435,#443,.T.);
#443 = LINE('',#444,#445);
#444 = CARTESIAN_POINT('',(0.8,0.8,0.));
#445 = VECTOR('',#446,1.);
#446 = DIRECTION('',(0.,1.,0.));
#447 = PLANE('',#448);
#448 = AXIS2_PLACEMENT_3D('',#449,#450,#451);
#449 = CARTESIAN_POINT('',(0.8,0.8,0.));
#450 = DIRECTION('',(1.,0.,0.));
#451 = DIRECTION('',(0.,1.,0.));
#452 = ADVANCED_FACE('',(#453),#471,.F.);
#453 = FACE_BOUND('',#454,.F.);
#454 = EDGE_LOOP('',(#455,#463,#464,#465));
#455 = ORIENTED_EDGE('',*,*,#456,.T.);
#456 = EDGE_CURVE('',#457,#356,#459,.T.);
#457 = VERTEX_POINT('',#458);
#458 = CARTESIAN_POINT('',(20.4,0.8,0.));
#459 = LINE('',#460,#461);
#460 = CARTESIAN_POINT('',(20.4,0.8,0.));
#461 = VECTOR('',#462,1.);
#462 = DIRECTION('',(0.,0.,-1.));
#463 = ORIENTED_EDGE('',*,*,#355,.T.);
#464 = ORIENTED_EDGE('',*,*,#425,.F.);
#465 = ORIENTED_EDGE('',*,*,#466,.F.);
#466 = EDGE_CURVE('',#457,#426,#467,.T.);
#467 = LINE('',#468,#469);
#468 = CARTESIAN_POINT('',(20.4,0.8,0.));
#469 = VECTOR('',#470,1.);
#470 = DIRECTION('',(-1.,0.,0.));
#471 = PLANE('',#472);
#472 = AXIS2_PLACEMENT_3D('',#473,#474,#475);
#473 = CARTESIAN_POINT('',(20.4,0.8,0.));
#474 = DIRECTION('',(0.,1.,0.));
#475 = DIRECTION('',(-1.,0.,0.));
#476 = ADVANCED_FACE('',(#477),#495,.F.);
#477 = FACE_BOUND('',#478,.F.);
#478 = EDGE_LOOP('',(#479,#487,#488,#489));
#479 = ORIENTED_EDGE('',*,*,#480,.T.);
#480 = EDGE_CURVE('',#481,#364,#483,.T.);
#481 = VERTEX_POINT('',#482);
#482 = CARTESIAN_POINT('',(20.4,12.39999999997,0.));
#483 = LINE('',#484,#485);
#484 = CARTESIAN_POINT('',(20.4,12.39999999997,0.));
#485 = VECTOR('',#486,1.);
#486 = DIRECTION('',(0.,0.,-1.));
#487 = ORIENTED_EDGE('',*,*,#363,.T.);
#488 = ORIENTED_EDGE('',*,*,#456,.F.);
#489 = ORIENTED_EDGE('',*,*,#490,.F.);
#490 = EDGE_CURVE('',#481,#457,#491,.T.);
#491 = LINE('',#492,#493);
#492 = CARTESIAN_POINT('',(20.4,12.39999999997,0.));
#493 = VECTOR('',#494,1.);
#494 = DIRECTION('',(0.,-1.,0.));
#495 = PLANE('',#496);
#496 = AXIS2_PLACEMENT_3D('',#497,#498,#499);
#497 = CARTESIAN_POINT('',(20.4,12.39999999997,0.));
#498 = DIRECTION('',(-1.,-0.,-0.));
#499 = DIRECTION('',(0.,-1.,0.));
#500 = ADVANCED_FACE('',(#501),#544,.F.);
#501 = FACE_BOUND('',#502,.F.);
#502 = EDGE_LOOP('',(#503,#513,#521,#529,#535,#536,#537,#538));
#503 = ORIENTED_EDGE('',*,*,#504,.F.);
#504 = EDGE_CURVE('',#505,#507,#509,.T.);
#505 = VERTEX_POINT('',#506);
#506 = CARTESIAN_POINT('',(0.,0.,0.));
#507 = VERTEX_POINT('',#508);
#508 = CARTESIAN_POINT('',(0.,12.4,0.));
#509 = LINE('',#510,#511);
#510 = CARTESIAN_POINT('',(0.,0.,0.));
#511 = VECTOR('',#512,1.);
#512 = DIRECTION('',(0.,1.,0.));
#513 = ORIENTED_EDGE('',*,*,#514,.F.);
#514 = EDGE_CURVE('',#515,#505,#517,.T.);
#515 = VERTEX_POINT('',#516);
#516 = CARTESIAN_POINT('',(21.2,0.,0.));
#517 = LINE('',#518,#519);
#518 = CARTESIAN_POINT('',(21.2,0.,0.));
#519 = VECTOR('',#520,1.);
#520 = DIRECTION('',(-1.,0.,0.));
#521 = ORIENTED_EDGE('',*,*,#522,.F.);
#522 = EDGE_CURVE('',#523,#515,#525,.T.);
#523 = VERTEX_POINT('',#524);
#524 = CARTESIAN_POINT('',(21.2,12.39999999997,0.));
#525 = LINE('',#526,#527);
#526 = CARTESIAN_POINT('',(21.2,12.39999999997,0.));
#527 = VECTOR('',#528,1.);
#528 = DIRECTION('',(0.,-1.,0.));
#529 = ORIENTED_EDGE('',*,*,#530,.F.);
#530 = EDGE_CURVE('',#481,#523,#531,.T.);
#531 = LINE('',#532,#533);
#532 = CARTESIAN_POINT('',(19.6,12.39999999997,0.));
#533 = VECTOR('',#534,1.);
#534 = DIRECTION('',(1.,0.,0.));
#535 = ORIENTED_EDGE('',*,*,#490,.T.);
#536 = ORIENTED_EDGE('',*,*,#466,.T.);
#537 = ORIENTED_EDGE('',*,*,#442,.T.);
#538 = ORIENTED_EDGE('',*,*,#539,.F.);
#539 = EDGE_CURVE('',#507,#435,#540,.T.);
#540 = LINE('',#541,#542);
#541 = CARTESIAN_POINT('',(0.,12.4,0.));
#542 = VECTOR('',#543,1.);
#543 = DIRECTION('',(1.,0.,0.));
#544 = PLANE('',#545);
#545 = AXIS2_PLACEMENT_3D('',#546,#547,#548);
#546 = CARTESIAN_POINT('',(10.599999999993,4.205405405399,0.));
#547 = DIRECTION('',(0.,0.,1.));
#548 = DIRECTION('',(1.,0.,0.));
#549 = ADVANCED_FACE('',(#550),#561,.T.);
#550 = FACE_BOUND('',#551,.T.);
#551 = EDGE_LOOP('',(#552,#553,#559,#560));
#552 = ORIENTED_EDGE('',*,*,#331,.T.);
#553 = ORIENTED_EDGE('',*,*,#554,.T.);
#554 = EDGE_CURVE('',#332,#78,#555,.T.);
#555 = LINE('',#556,#557);
#556 = CARTESIAN_POINT('',(1.2,12.4,-4.));
#557 = VECTOR('',#558,1.);
#558 = DIRECTION('',(0.,0.,1.));
#559 = ORIENTED_EDGE('',*,*,#77,.F.);
#560 = ORIENTED_EDGE('',*,*,#299,.F.);
#561 = PLANE('',#562);
#562 = AXIS2_PLACEMENT_3D('',#563,#564,#565);
#563 = CARTESIAN_POINT('',(1.4,12.2,51.));
#564 = DIRECTION('',(0.707106781187,0.707106781187,-1.4E-16));
#565 = DIRECTION('',(-0.707106781187,0.707106781187,4.902686997096E-33)
  );
#566 = ADVANCED_FACE('',(#567),#578,.T.);
#567 = FACE_BOUND('',#568,.T.);
#568 = EDGE_LOOP('',(#569,#570,#571,#572));
#569 = ORIENTED_EDGE('',*,*,#411,.F.);
#570 = ORIENTED_EDGE('',*,*,#308,.T.);
#571 = ORIENTED_EDGE('',*,*,#157,.T.);
#572 = ORIENTED_EDGE('',*,*,#573,.F.);
#573 = EDGE_CURVE('',#404,#150,#574,.T.);
#574 = LINE('',#575,#576);
#575 = CARTESIAN_POINT('',(3.2,1.6,84.));
#576 = VECTOR('',#577,1.);
#577 = DIRECTION('',(0.,0.,1.));
#578 = PLANE('',#579);
#579 = AXIS2_PLACEMENT_3D('',#580,#581,#582);
#580 = CARTESIAN_POINT('',(2.4,2.4,51.));
#581 = DIRECTION('',(0.707106781187,0.707106781187,-1.4E-16));
#582 = DIRECTION('',(0.707106781187,-0.707106781187,-1.120458324973E-33)
  );
#583 = ADVANCED_FACE('',(#584),#599,.T.);
#584 = FACE_BOUND('',#585,.T.);
#585 = EDGE_LOOP('',(#586,#587,#588,#589,#590,#596,#597,#598));
#586 = ORIENTED_EDGE('',*,*,#554,.F.);
#587 = ORIENTED_EDGE('',*,*,#339,.F.);
#588 = ORIENTED_EDGE('',*,*,#434,.F.);
#589 = ORIENTED_EDGE('',*,*,#539,.F.);
#590 = ORIENTED_EDGE('',*,*,#591,.T.);
#591 = EDGE_CURVE('',#507,#253,#592,.T.);
#592 = LINE('',#593,#594);
#593 = CARTESIAN_POINT('',(0.,12.4,18.));
#594 = VECTOR('',#595,1.);
#595 = DIRECTION('',(0.,0.,1.));
#596 = ORIENTED_EDGE('',*,*,#260,.T.);
#597 = ORIENTED_EDGE('',*,*,#171,.F.);
#598 = ORIENTED_EDGE('',*,*,#85,.T.);
#599 = PLANE('',#600);
#600 = AXIS2_PLACEMENT_3D('',#601,#602,#603);
#601 = CARTESIAN_POINT('',(0.606944444444,12.4,53.006944444444));
#602 = DIRECTION('',(-2.06E-15,1.,0.));
#603 = DIRECTION('',(1.,2.06E-15,0.));
#604 = ADVANCED_FACE('',(#605),#625,.T.);
#605 = FACE_BOUND('',#606,.T.);
#606 = EDGE_LOOP('',(#607,#613,#614,#615,#616,#622,#623,#624));
#607 = ORIENTED_EDGE('',*,*,#608,.F.);
#608 = EDGE_CURVE('',#118,#372,#609,.T.);
#609 = LINE('',#610,#611);
#610 = CARTESIAN_POINT('',(20.,12.399999999972,18.));
#611 = VECTOR('',#612,1.);
#612 = DIRECTION('',(0.,0.,-1.));
#613 = ORIENTED_EDGE('',*,*,#117,.T.);
#614 = ORIENTED_EDGE('',*,*,#235,.T.);
#615 = ORIENTED_EDGE('',*,*,#269,.T.);
#616 = ORIENTED_EDGE('',*,*,#617,.F.);
#617 = EDGE_CURVE('',#523,#270,#618,.T.);
#618 = LINE('',#619,#620);
#619 = CARTESIAN_POINT('',(21.2,12.399999999976,106.));
#620 = VECTOR('',#621,1.);
#621 = DIRECTION('',(0.,0.,1.));
#622 = ORIENTED_EDGE('',*,*,#530,.F.);
#623 = ORIENTED_EDGE('',*,*,#480,.T.);
#624 = ORIENTED_EDGE('',*,*,#371,.F.);
#625 = PLANE('',#626);
#626 = AXIS2_PLACEMENT_3D('',#627,#628,#629);
#627 = CARTESIAN_POINT('',(20.593055555556,12.399999999974,
    53.006944444445));
#628 = DIRECTION('',(-2.89873E-12,1.,-5.19E-15));
#629 = DIRECTION('',(1.,2.89873E-12,-1.049914533575E-42));
#630 = ADVANCED_FACE('',(#631,#642,#653,#664,#675,#686),#697,.T.);
#631 = FACE_BOUND('',#632,.T.);
#632 = EDGE_LOOP('',(#633,#634,#635,#636));
#633 = ORIENTED_EDGE('',*,*,#403,.F.);
#634 = ORIENTED_EDGE('',*,*,#573,.T.);
#635 = ORIENTED_EDGE('',*,*,#149,.T.);
#636 = ORIENTED_EDGE('',*,*,#637,.T.);
#637 = EDGE_CURVE('',#142,#396,#638,.T.);
#638 = LINE('',#639,#640);
#639 = CARTESIAN_POINT('',(18.,1.6,106.));
#640 = VECTOR('',#641,1.);
#641 = DIRECTION('',(0.,0.,-1.));
#642 = FACE_BOUND('',#643,.T.);
#643 = EDGE_LOOP('',(#644));
#644 = ORIENTED_EDGE('',*,*,#645,.T.);
#645 = EDGE_CURVE('',#646,#646,#648,.T.);
#646 = VERTEX_POINT('',#647);
#647 = CARTESIAN_POINT('',(13.,1.6,75.));
#648 = CIRCLE('',#649,2.4);
#649 = AXIS2_PLACEMENT_3D('',#650,#651,#652);
#650 = CARTESIAN_POINT('',(10.6,1.6,75.));
#651 = DIRECTION('',(0.,-1.,0.));
#652 = DIRECTION('',(1.,0.,0.));
#653 = FACE_BOUND('',#654,.T.);
#654 = EDGE_LOOP('',(#655));
#655 = ORIENTED_EDGE('',*,*,#656,.T.);
#656 = EDGE_CURVE('',#657,#657,#659,.T.);
#657 = VERTEX_POINT('',#658);
#658 = CARTESIAN_POINT('',(13.,1.6,97.));
#659 = CIRCLE('',#660,2.4);
#660 = AXIS2_PLACEMENT_3D('',#661,#662,#663);
#661 = CARTESIAN_POINT('',(10.6,1.6,97.));
#662 = DIRECTION('',(0.,-1.,0.));
#663 = DIRECTION('',(1.,0.,0.));
#664 = FACE_BOUND('',#665,.T.);
#665 = EDGE_LOOP('',(#666));
#666 = ORIENTED_EDGE('',*,*,#667,.T.);
#667 = EDGE_CURVE('',#668,#668,#670,.T.);
#668 = VERTEX_POINT('',#669);
#669 = CARTESIAN_POINT('',(13.,1.6,9.));
#670 = CIRCLE('',#671,2.4);
#671 = AXIS2_PLACEMENT_3D('',#672,#673,#674);
#672 = CARTESIAN_POINT('',(10.6,1.6,9.));
#673 = DIRECTION('',(0.,-1.,0.));
#674 = DIRECTION('',(1.,0.,0.));
#675 = FACE_BOUND('',#676,.T.);
#676 = EDGE_LOOP('',(#677));
#677 = ORIENTED_EDGE('',*,*,#678,.T.);
#678 = EDGE_CURVE('',#679,#679,#681,.T.);
#679 = VERTEX_POINT('',#680);
#680 = CARTESIAN_POINT('',(13.,1.6,31.));
#681 = CIRCLE('',#682,2.4);
#682 = AXIS2_PLACEMENT_3D('',#683,#684,#685);
#683 = CARTESIAN_POINT('',(10.6,1.6,31.));
#684 = DIRECTION('',(0.,-1.,0.));
#685 = DIRECTION('',(1.,0.,0.));
#686 = FACE_BOUND('',#687,.T.);
#687 = EDGE_LOOP('',(#688));
#688 = ORIENTED_EDGE('',*,*,#689,.T.);
#689 = EDGE_CURVE('',#690,#690,#692,.T.);
#690 = VERTEX_POINT('',#691);
#691 = CARTESIAN_POINT('',(13.,1.6,53.));
#692 = CIRCLE('',#693,2.4);
#693 = AXIS2_PLACEMENT_3D('',#694,#695,#696);
#694 = CARTESIAN_POINT('',(10.6,1.6,53.));
#695 = DIRECTION('',(0.,-1.,0.));
#696 = DIRECTION('',(1.,0.,0.));
#697 = PLANE('',#698);
#698 = AXIS2_PLACEMENT_3D('',#699,#700,#701);
#699 = CARTESIAN_POINT('',(10.6,1.6,51.));
#700 = DIRECTION('',(0.,1.,0.));
#701 = DIRECTION('',(0.,-0.,1.));
#702 = ADVANCED_FACE('',(#703),#722,.F.);
#703 = FACE_BOUND('',#704,.F.);
#704 = EDGE_LOOP('',(#705,#713,#714,#715));
#705 = ORIENTED_EDGE('',*,*,#706,.F.);
#706 = EDGE_CURVE('',#646,#707,#709,.T.);
#707 = VERTEX_POINT('',#708);
#708 = CARTESIAN_POINT('',(12.6,1.2,75.));
#709 = LINE('',#710,#711);
#710 = CARTESIAN_POINT('',(12.6,1.2,75.));
#711 = VECTOR('',#712,1.);
#712 = DIRECTION('',(-0.707106781187,-0.707106781187,-0.));
#713 = ORIENTED_EDGE('',*,*,#645,.T.);
#714 = ORIENTED_EDGE('',*,*,#706,.T.);
#715 = ORIENTED_EDGE('',*,*,#716,.F.);
#716 = EDGE_CURVE('',#707,#707,#717,.T.);
#717 = CIRCLE('',#718,2.);
#718 = AXIS2_PLACEMENT_3D('',#719,#720,#721);
#719 = CARTESIAN_POINT('',(10.6,1.2,75.));
#720 = DIRECTION('',(0.,-1.,0.));
#721 = DIRECTION('',(1.,0.,0.));
#722 = CONICAL_SURFACE('',#723,2.,0.785398163397);
#723 = AXIS2_PLACEMENT_3D('',#724,#725,#726);
#724 = CARTESIAN_POINT('',(10.6,1.2,75.));
#725 = DIRECTION('',(0.,1.,0.));
#726 = DIRECTION('',(1.,0.,0.));
#727 = ADVANCED_FACE('',(#728),#747,.F.);
#728 = FACE_BOUND('',#729,.F.);
#729 = EDGE_LOOP('',(#730,#738,#739,#740));
#730 = ORIENTED_EDGE('',*,*,#731,.T.);
#731 = EDGE_CURVE('',#732,#707,#734,.T.);
#732 = VERTEX_POINT('',#733);
#733 = CARTESIAN_POINT('',(12.6,9.E-15,75.));
#734 = LINE('',#735,#736);
#735 = CARTESIAN_POINT('',(12.6,9.E-15,75.));
#736 = VECTOR('',#737,1.);
#737 = DIRECTION('',(0.,1.,-2.2E-16));
#738 = ORIENTED_EDGE('',*,*,#716,.T.);
#739 = ORIENTED_EDGE('',*,*,#731,.F.);
#740 = ORIENTED_EDGE('',*,*,#741,.F.);
#741 = EDGE_CURVE('',#732,#732,#742,.T.);
#742 = CIRCLE('',#743,2.);
#743 = AXIS2_PLACEMENT_3D('',#744,#745,#746);
#744 = CARTESIAN_POINT('',(10.6,7.E-15,75.));
#745 = DIRECTION('',(0.,-1.,0.));
#746 = DIRECTION('',(1.,0.,0.));
#747 = CYLINDRICAL_SURFACE('',#748,2.);
#748 = AXIS2_PLACEMENT_3D('',#749,#750,#751);
#749 = CARTESIAN_POINT('',(10.6,9.E-15,75.));
#750 = DIRECTION('',(0.,-1.,2.2E-16));
#751 = DIRECTION('',(1.,0.,0.));
#752 = ADVANCED_FACE('',(#753),#772,.F.);
#753 = FACE_BOUND('',#754,.F.);
#754 = EDGE_LOOP('',(#755,#763,#764,#765));
#755 = ORIENTED_EDGE('',*,*,#756,.F.);
#756 = EDGE_CURVE('',#657,#757,#759,.T.);
#757 = VERTEX_POINT('',#758);
#758 = CARTESIAN_POINT('',(12.6,1.2,97.));
#759 = LINE('',#760,#761);
#760 = CARTESIAN_POINT('',(12.6,1.2,97.));
#761 = VECTOR('',#762,1.);
#762 = DIRECTION('',(-0.707106781187,-0.707106781187,-0.));
#763 = ORIENTED_EDGE('',*,*,#656,.T.);
#764 = ORIENTED_EDGE('',*,*,#756,.T.);
#765 = ORIENTED_EDGE('',*,*,#766,.F.);
#766 = EDGE_CURVE('',#757,#757,#767,.T.);
#767 = CIRCLE('',#768,2.);
#768 = AXIS2_PLACEMENT_3D('',#769,#770,#771);
#769 = CARTESIAN_POINT('',(10.6,1.2,97.));
#770 = DIRECTION('',(0.,-1.,0.));
#771 = DIRECTION('',(1.,0.,0.));
#772 = CONICAL_SURFACE('',#773,2.,0.785398163397);
#773 = AXIS2_PLACEMENT_3D('',#774,#775,#776);
#774 = CARTESIAN_POINT('',(10.6,1.2,97.));
#775 = DIRECTION('',(0.,1.,0.));
#776 = DIRECTION('',(1.,0.,0.));
#777 = ADVANCED_FACE('',(#778),#797,.F.);
#778 = FACE_BOUND('',#779,.F.);
#779 = EDGE_LOOP('',(#780,#788,#789,#790));
#780 = ORIENTED_EDGE('',*,*,#781,.T.);
#781 = EDGE_CURVE('',#782,#757,#784,.T.);
#782 = VERTEX_POINT('',#783);
#783 = CARTESIAN_POINT('',(12.6,1.2E-14,97.));
#784 = LINE('',#785,#786);
#785 = CARTESIAN_POINT('',(12.6,1.2E-14,97.));
#786 = VECTOR('',#787,1.);
#787 = DIRECTION('',(0.,1.,-2.2E-16));
#788 = ORIENTED_EDGE('',*,*,#766,.T.);
#789 = ORIENTED_EDGE('',*,*,#781,.F.);
#790 = ORIENTED_EDGE('',*,*,#791,.F.);
#791 = EDGE_CURVE('',#782,#782,#792,.T.);
#792 = CIRCLE('',#793,2.);
#793 = AXIS2_PLACEMENT_3D('',#794,#795,#796);
#794 = CARTESIAN_POINT('',(10.6,1.E-14,97.));
#795 = DIRECTION('',(0.,-1.,0.));
#796 = DIRECTION('',(1.,0.,0.));
#797 = CYLINDRICAL_SURFACE('',#798,2.);
#798 = AXIS2_PLACEMENT_3D('',#799,#800,#801);
#799 = CARTESIAN_POINT('',(10.6,1.2E-14,97.));
#800 = DIRECTION('',(0.,-1.,2.2E-16));
#801 = DIRECTION('',(1.,0.,0.));
#802 = ADVANCED_FACE('',(#803),#822,.F.);
#803 = FACE_BOUND('',#804,.F.);
#804 = EDGE_LOOP('',(#805,#813,#814,#815));
#805 = ORIENTED_EDGE('',*,*,#806,.F.);
#806 = EDGE_CURVE('',#668,#807,#809,.T.);
#807 = VERTEX_POINT('',#808);
#808 = CARTESIAN_POINT('',(12.6,1.2,9.));
#809 = LINE('',#810,#811);
#810 = CARTESIAN_POINT('',(12.6,1.2,9.));
#811 = VECTOR('',#812,1.);
#812 = DIRECTION('',(-0.707106781187,-0.707106781187,-0.));
#813 = ORIENTED_EDGE('',*,*,#667,.T.);
#814 = ORIENTED_EDGE('',*,*,#806,.T.);
#815 = ORIENTED_EDGE('',*,*,#816,.F.);
#816 = EDGE_CURVE('',#807,#807,#817,.T.);
#817 = CIRCLE('',#818,2.);
#818 = AXIS2_PLACEMENT_3D('',#819,#820,#821);
#819 = CARTESIAN_POINT('',(10.6,1.2,9.));
#820 = DIRECTION('',(0.,-1.,0.));
#821 = DIRECTION('',(1.,0.,0.));
#822 = CONICAL_SURFACE('',#823,2.,0.785398163397);
#823 = AXIS2_PLACEMENT_3D('',#824,#825,#826);
#824 = CARTESIAN_POINT('',(10.6,1.2,9.));
#825 = DIRECTION('',(0.,1.,0.));
#826 = DIRECTION('',(1.,0.,0.));
#827 = ADVANCED_FACE('',(#828),#847,.F.);
#828 = FACE_BOUND('',#829,.F.);
#829 = EDGE_LOOP('',(#830,#838,#839,#840));
#830 = ORIENTED_EDGE('',*,*,#831,.T.);
#831 = EDGE_CURVE('',#832,#807,#834,.T.);
#832 = VERTEX_POINT('',#833);
#833 = CARTESIAN_POINT('',(12.6,2.E-15,9.));
#834 = LINE('',#835,#836);
#835 = CARTESIAN_POINT('',(12.6,2.E-15,9.));
#836 = VECTOR('',#837,1.);
#837 = DIRECTION('',(0.,1.,-2.2E-16));
#838 = ORIENTED_EDGE('',*,*,#816,.T.);
#839 = ORIENTED_EDGE('',*,*,#831,.F.);
#840 = ORIENTED_EDGE('',*,*,#841,.F.);
#841 = EDGE_CURVE('',#832,#832,#842,.T.);
#842 = CIRCLE('',#843,2.);
#843 = AXIS2_PLACEMENT_3D('',#844,#845,#846);
#844 = CARTESIAN_POINT('',(10.6,0.,9.));
#845 = DIRECTION('',(0.,-1.,0.));
#846 = DIRECTION('',(1.,0.,0.));
#847 = CYLINDRICAL_SURFACE('',#848,2.);
#848 = AXIS2_PLACEMENT_3D('',#849,#850,#851);
#849 = CARTESIAN_POINT('',(10.6,2.E-15,9.));
#850 = DIRECTION('',(0.,-1.,2.2E-16));
#851 = DIRECTION('',(1.,0.,0.));
#852 = ADVANCED_FACE('',(#853),#872,.F.);
#853 = FACE_BOUND('',#854,.F.);
#854 = EDGE_LOOP('',(#855,#863,#864,#865));
#855 = ORIENTED_EDGE('',*,*,#856,.F.);
#856 = EDGE_CURVE('',#679,#857,#859,.T.);
#857 = VERTEX_POINT('',#858);
#858 = CARTESIAN_POINT('',(12.6,1.2,31.));
#859 = LINE('',#860,#861);
#860 = CARTESIAN_POINT('',(12.6,1.2,31.));
#861 = VECTOR('',#862,1.);
#862 = DIRECTION('',(-0.707106781187,-0.707106781187,-0.));
#863 = ORIENTED_EDGE('',*,*,#678,.T.);
#864 = ORIENTED_EDGE('',*,*,#856,.T.);
#865 = ORIENTED_EDGE('',*,*,#866,.F.);
#866 = EDGE_CURVE('',#857,#857,#867,.T.);
#867 = CIRCLE('',#868,2.);
#868 = AXIS2_PLACEMENT_3D('',#869,#870,#871);
#869 = CARTESIAN_POINT('',(10.6,1.2,31.));
#870 = DIRECTION('',(0.,-1.,0.));
#871 = DIRECTION('',(1.,0.,0.));
#872 = CONICAL_SURFACE('',#873,2.,0.785398163397);
#873 = AXIS2_PLACEMENT_3D('',#874,#875,#876);
#874 = CARTESIAN_POINT('',(10.6,1.2,31.));
#875 = DIRECTION('',(0.,1.,0.));
#876 = DIRECTION('',(1.,0.,0.));
#877 = ADVANCED_FACE('',(#878),#897,.F.);
#878 = FACE_BOUND('',#879,.F.);
#879 = EDGE_LOOP('',(#880,#888,#889,#890));
#880 = ORIENTED_EDGE('',*,*,#881,.T.);
#881 = EDGE_CURVE('',#882,#857,#884,.T.);
#882 = VERTEX_POINT('',#883);
#883 = CARTESIAN_POINT('',(12.6,4.E-15,31.));
#884 = LINE('',#885,#886);
#885 = CARTESIAN_POINT('',(12.6,4.E-15,31.));
#886 = VECTOR('',#887,1.);
#887 = DIRECTION('',(0.,1.,-2.2E-16));
#888 = ORIENTED_EDGE('',*,*,#866,.T.);
#889 = ORIENTED_EDGE('',*,*,#881,.F.);
#890 = ORIENTED_EDGE('',*,*,#891,.F.);
#891 = EDGE_CURVE('',#882,#882,#892,.T.);
#892 = CIRCLE('',#893,2.);
#893 = AXIS2_PLACEMENT_3D('',#894,#895,#896);
#894 = CARTESIAN_POINT('',(10.6,2.E-15,31.));
#895 = DIRECTION('',(0.,-1.,0.));
#896 = DIRECTION('',(1.,0.,0.));
#897 = CYLINDRICAL_SURFACE('',#898,2.);
#898 = AXIS2_PLACEMENT_3D('',#899,#900,#901);
#899 = CARTESIAN_POINT('',(10.6,4.E-15,31.));
#900 = DIRECTION('',(0.,-1.,2.2E-16));
#901 = DIRECTION('',(1.,0.,0.));
#902 = ADVANCED_FACE('',(#903),#922,.F.);
#903 = FACE_BOUND('',#904,.F.);
#904 = EDGE_LOOP('',(#905,#913,#914,#915));
#905 = ORIENTED_EDGE('',*,*,#906,.F.);
#906 = EDGE_CURVE('',#690,#907,#909,.T.);
#907 = VERTEX_POINT('',#908);
#908 = CARTESIAN_POINT('',(12.6,1.2,53.));
#909 = LINE('',#910,#911);
#910 = CARTESIAN_POINT('',(12.6,1.2,53.));
#911 = VECTOR('',#912,1.);
#912 = DIRECTION('',(-0.707106781187,-0.707106781187,-0.));
#913 = ORIENTED_EDGE('',*,*,#689,.T.);
#914 = ORIENTED_EDGE('',*,*,#906,.T.);
#915 = ORIENTED_EDGE('',*,*,#916,.F.);
#916 = EDGE_CURVE('',#907,#907,#917,.T.);
#917 = CIRCLE('',#918,2.);
#918 = AXIS2_PLACEMENT_3D('',#919,#920,#921);
#919 = CARTESIAN_POINT('',(10.6,1.2,53.));
#920 = DIRECTION('',(0.,-1.,0.));
#921 = DIRECTION('',(1.,0.,0.));
#922 = CONICAL_SURFACE('',#923,2.,0.785398163397);
#923 = AXIS2_PLACEMENT_3D('',#924,#925,#926);
#924 = CARTESIAN_POINT('',(10.6,1.2,53.));
#925 = DIRECTION('',(0.,1.,0.));
#926 = DIRECTION('',(1.,0.,0.));
#927 = ADVANCED_FACE('',(#928),#947,.F.);
#928 = FACE_BOUND('',#929,.F.);
#929 = EDGE_LOOP('',(#930,#938,#939,#940));
#930 = ORIENTED_EDGE('',*,*,#931,.T.);
#931 = EDGE_CURVE('',#932,#907,#934,.T.);
#932 = VERTEX_POINT('',#933);
#933 = CARTESIAN_POINT('',(12.6,7.E-15,53.));
#934 = LINE('',#935,#936);
#935 = CARTESIAN_POINT('',(12.6,7.E-15,53.));
#936 = VECTOR('',#937,1.);
#937 = DIRECTION('',(0.,1.,-2.2E-16));
#938 = ORIENTED_EDGE('',*,*,#916,.T.);
#939 = ORIENTED_EDGE('',*,*,#931,.F.);
#940 = ORIENTED_EDGE('',*,*,#941,.F.);
#941 = EDGE_CURVE('',#932,#932,#942,.T.);
#942 = CIRCLE('',#943,2.);
#943 = AXIS2_PLACEMENT_3D('',#944,#945,#946);
#944 = CARTESIAN_POINT('',(10.6,5.E-15,53.));
#945 = DIRECTION('',(0.,-1.,0.));
#946 = DIRECTION('',(1.,0.,0.));
#947 = CYLINDRICAL_SURFACE('',#948,2.);
#948 = AXIS2_PLACEMENT_3D('',#949,#950,#951);
#949 = CARTESIAN_POINT('',(10.6,7.E-15,53.));
#950 = DIRECTION('',(0.,-1.,2.2E-16));
#951 = DIRECTION('',(1.,0.,0.));
#952 = ADVANCED_FACE('',(#953),#964,.T.);
#953 = FACE_BOUND('',#954,.T.);
#954 = EDGE_LOOP('',(#955,#956,#957,#958));
#955 = ORIENTED_EDGE('',*,*,#395,.T.);
#956 = ORIENTED_EDGE('',*,*,#637,.F.);
#957 = ORIENTED_EDGE('',*,*,#141,.F.);
#958 = ORIENTED_EDGE('',*,*,#959,.T.);
#959 = EDGE_CURVE('',#134,#388,#960,.T.);
#960 = LINE('',#961,#962);
#961 = CARTESIAN_POINT('',(19.6,3.2,106.));
#962 = VECTOR('',#963,1.);
#963 = DIRECTION('',(0.,0.,-1.));
#964 = PLANE('',#965);
#965 = AXIS2_PLACEMENT_3D('',#966,#967,#968);
#966 = CARTESIAN_POINT('',(18.8,2.4,51.));
#967 = DIRECTION('',(-0.707106781187,0.707106781187,0.));
#968 = DIRECTION('',(0.707106781187,0.707106781187,0.));
#969 = ADVANCED_FACE('',(#970),#981,.T.);
#970 = FACE_BOUND('',#971,.T.);
#971 = EDGE_LOOP('',(#972,#973,#974,#975));
#972 = ORIENTED_EDGE('',*,*,#387,.F.);
#973 = ORIENTED_EDGE('',*,*,#959,.F.);
#974 = ORIENTED_EDGE('',*,*,#133,.T.);
#975 = ORIENTED_EDGE('',*,*,#976,.T.);
#976 = EDGE_CURVE('',#126,#380,#977,.T.);
#977 = LINE('',#978,#979);
#978 = CARTESIAN_POINT('',(19.6,11.999999999971,106.));
#979 = VECTOR('',#980,1.);
#980 = DIRECTION('',(0.,0.,-1.));
#981 = PLANE('',#982);
#982 = AXIS2_PLACEMENT_3D('',#983,#984,#985);
#983 = CARTESIAN_POINT('',(19.6,7.599999999985,51.));
#984 = DIRECTION('',(-1.,-0.,-0.));
#985 = DIRECTION('',(0.,0.,-1.));
#986 = ADVANCED_FACE('',(#987),#993,.T.);
#987 = FACE_BOUND('',#988,.T.);
#988 = EDGE_LOOP('',(#989,#990,#991,#992));
#989 = ORIENTED_EDGE('',*,*,#976,.F.);
#990 = ORIENTED_EDGE('',*,*,#125,.T.);
#991 = ORIENTED_EDGE('',*,*,#608,.T.);
#992 = ORIENTED_EDGE('',*,*,#379,.F.);
#993 = PLANE('',#994);
#994 = AXIS2_PLACEMENT_3D('',#995,#996,#997);
#995 = CARTESIAN_POINT('',(19.8,12.199999999971,51.));
#996 = DIRECTION('',(-0.707106781188,0.707106781185,0.));
#997 = DIRECTION('',(-0.707106781185,-0.707106781188,0.));
#998 = ADVANCED_FACE('',(#999),#1010,.T.);
#999 = FACE_BOUND('',#1000,.T.);
#1000 = EDGE_LOOP('',(#1001,#1007,#1008,#1009));
#1001 = ORIENTED_EDGE('',*,*,#1002,.T.);
#1002 = EDGE_CURVE('',#505,#251,#1003,.T.);
#1003 = LINE('',#1004,#1005);
#1004 = CARTESIAN_POINT('',(0.,0.,0.));
#1005 = VECTOR('',#1006,1.);
#1006 = DIRECTION('',(0.,0.,1.));
#1007 = ORIENTED_EDGE('',*,*,#250,.T.);
#1008 = ORIENTED_EDGE('',*,*,#591,.F.);
#1009 = ORIENTED_EDGE('',*,*,#504,.F.);
#1010 = PLANE('',#1011);
#1011 = AXIS2_PLACEMENT_3D('',#1012,#1013,#1014);
#1012 = CARTESIAN_POINT('',(4.88E-15,6.2,55.));
#1013 = DIRECTION('',(-1.,-0.,-0.));
#1014 = DIRECTION('',(0.,0.,-1.));
#1015 = ADVANCED_FACE('',(#1016),#1027,.T.);
#1016 = FACE_BOUND('',#1017,.T.);
#1017 = EDGE_LOOP('',(#1018,#1019,#1020,#1026));
#1018 = ORIENTED_EDGE('',*,*,#617,.T.);
#1019 = ORIENTED_EDGE('',*,*,#277,.T.);
#1020 = ORIENTED_EDGE('',*,*,#1021,.F.);
#1021 = EDGE_CURVE('',#515,#278,#1022,.T.);
#1022 = LINE('',#1023,#1024);
#1023 = CARTESIAN_POINT('',(21.2,9.77E-15,88.));
#1024 = VECTOR('',#1025,1.);
#1025 = DIRECTION('',(0.,0.,1.));
#1026 = ORIENTED_EDGE('',*,*,#522,.F.);
#1027 = PLANE('',#1028);
#1028 = AXIS2_PLACEMENT_3D('',#1029,#1030,#1031);
#1029 = CARTESIAN_POINT('',(21.2,6.199999999988,55.000000000001));
#1030 = DIRECTION('',(1.,-2.6E-16,0.));
#1031 = DIRECTION('',(2.6E-16,1.,0.));
#1032 = ADVANCED_FACE('',(#1033,#1039,#1042,#1045,#1048,#1051),#1054,.T.
  );
#1033 = FACE_BOUND('',#1034,.T.);
#1034 = EDGE_LOOP('',(#1035,#1036,#1037,#1038));
#1035 = ORIENTED_EDGE('',*,*,#1021,.T.);
#1036 = ORIENTED_EDGE('',*,*,#285,.T.);
#1037 = ORIENTED_EDGE('',*,*,#1002,.F.);
#1038 = ORIENTED_EDGE('',*,*,#514,.F.);
#1039 = FACE_BOUND('',#1040,.T.);
#1040 = EDGE_LOOP('',(#1041));
#1041 = ORIENTED_EDGE('',*,*,#841,.F.);
#1042 = FACE_BOUND('',#1043,.T.);
#1043 = EDGE_LOOP('',(#1044));
#1044 = ORIENTED_EDGE('',*,*,#891,.F.);
#1045 = FACE_BOUND('',#1046,.T.);
#1046 = EDGE_LOOP('',(#1047));
#1047 = ORIENTED_EDGE('',*,*,#941,.F.);
#1048 = FACE_BOUND('',#1049,.T.);
#1049 = EDGE_LOOP('',(#1050));
#1050 = ORIENTED_EDGE('',*,*,#741,.F.);
#1051 = FACE_BOUND('',#1052,.T.);
#1052 = EDGE_LOOP('',(#1053));
#1053 = ORIENTED_EDGE('',*,*,#791,.F.);
#1054 = PLANE('',#1055);
#1055 = AXIS2_PLACEMENT_3D('',#1056,#1057,#1058);
#1056 = CARTESIAN_POINT('',(10.6,4.88E-15,55.));
#1057 = DIRECTION('',(-0.,-1.,-0.));
#1058 = DIRECTION('',(0.,0.,-1.));
#1059 = ( GEOMETRIC_REPRESENTATION_CONTEXT(3) 
GLOBAL_UNCERTAINTY_ASSIGNED_CONTEXT((#1063)) 
GLOBAL_UNIT_ASSIGNED_CONTEXT((#1060,#1061,#1062)) REPRESENTATION_CONTEXT
('Context #1','3D Context with UNIT and UNCERTAINTY') );
#1060 = ( LENGTH_UNIT() NAMED_UNIT(*) SI_UNIT(.MILLI.,.METRE.) );
#1061 = ( NAMED_UNIT(*) PLANE_ANGLE_UNIT() SI_UNIT($,.RADIAN.) );
#1062 = ( NAMED_UNIT(*) SI_UNIT($,.STERADIAN.) SOLID_ANGLE_UNIT() );
#1063 = UNCERTAINTY_MEASURE_WITH_UNIT(LENGTH_MEASURE(1.E-07),#1060,
  'distance_accuracy_value','confusion accuracy');
#1064 = CONTEXT_DEPENDENT_SHAPE_REPRESENTATION(#1065,#1067);
#1065 = ( REPRESENTATION_RELATIONSHIP('','',#60,#10) 
REPRESENTATION_RELATIONSHIP_WITH_TRANSFORMATION(#1066) 
SHAPE_REPRESENTATION_RELATIONSHIP() );
#1066 = ITEM_DEFINED_TRANSFORMATION('','',#11,#15);
#1067 = PRODUCT_DEFINITION_SHAPE('Placement','Placement of an item',
  #1068);
#1068 = NEXT_ASSEMBLY_USAGE_OCCURRENCE('1','main_body','',#5,#55,$);
#1069 = PRODUCT_RELATED_PRODUCT_CATEGORY('part',$,(#57));
#1070 = SHAPE_DEFINITION_REPRESENTATION(#1071,#1077);
#1071 = PRODUCT_DEFINITION_SHAPE('','',#1072);
#1072 = PRODUCT_DEFINITION('design','',#1073,#1076);
#1073 = PRODUCT_DEFINITION_FORMATION('','',#1074);
#1074 = PRODUCT('lid','lid','',(#1075));
#1075 = PRODUCT_CONTEXT('',#2,'mechanical');
#1076 = PRODUCT_DEFINITION_CONTEXT('part definition',#2,'design');
#1077 = ADVANCED_BREP_SHAPE_REPRESENTATION('',(#11,#1078),#2049);
#1078 = MANIFOLD_SOLID_BREP('',#1079);
#1079 = CLOSED_SHELL('',(#1080,#1136,#1222,#1269,#1300,#1347,#1372,#1397
    ,#1417,#1442,#1451,#1476,#1501,#1521,#1546,#1555,#1580,#1605,#1625,
    #1650,#1659,#1684,#1709,#1729,#1754,#1763,#1788,#1813,#1833,#1858,
    #1867,#1884,#1901,#1919,#1937,#1972,#2003,#2020,#2037));
#1080 = ADVANCED_FACE('',(#1081),#1131,.T.);
#1081 = FACE_BOUND('',#1082,.T.);
#1082 = EDGE_LOOP('',(#1083,#1093,#1101,#1109,#1117,#1125));
#1083 = ORIENTED_EDGE('',*,*,#1084,.T.);
#1084 = EDGE_CURVE('',#1085,#1087,#1089,.T.);
#1085 = VERTEX_POINT('',#1086);
#1086 = CARTESIAN_POINT('',(1.6,12.4,106.));
#1087 = VERTEX_POINT('',#1088);
#1088 = CARTESIAN_POINT('',(1.6,10.,106.));
#1089 = LINE('',#1090,#1091);
#1090 = CARTESIAN_POINT('',(1.6,11.6,106.));
#1091 = VECTOR('',#1092,1.);
#1092 = DIRECTION('',(0.,-1.,0.));
#1093 = ORIENTED_EDGE('',*,*,#1094,.T.);
#1094 = EDGE_CURVE('',#1087,#1095,#1097,.T.);
#1095 = VERTEX_POINT('',#1096);
#1096 = CARTESIAN_POINT('',(3.2,11.6,106.));
#1097 = LINE('',#1098,#1099);
#1098 = CARTESIAN_POINT('',(1.6,10.,106.));
#1099 = VECTOR('',#1100,1.);
#1100 = DIRECTION('',(0.707106781187,0.707106781187,0.));
#1101 = ORIENTED_EDGE('',*,*,#1102,.T.);
#1102 = EDGE_CURVE('',#1095,#1103,#1105,.T.);
#1103 = VERTEX_POINT('',#1104);
#1104 = CARTESIAN_POINT('',(18.,11.6,106.));
#1105 = LINE('',#1106,#1107);
#1106 = CARTESIAN_POINT('',(1.6,11.6,106.));
#1107 = VECTOR('',#1108,1.);
#1108 = DIRECTION('',(1.,0.,0.));
#1109 = ORIENTED_EDGE('',*,*,#1110,.F.);
#1110 = EDGE_CURVE('',#1111,#1103,#1113,.T.);
#1111 = VERTEX_POINT('',#1112);
#1112 = CARTESIAN_POINT('',(19.6,9.999999999991,106.));
#1113 = LINE('',#1114,#1115);
#1114 = CARTESIAN_POINT('',(19.6,9.999999999991,106.));
#1115 = VECTOR('',#1116,1.);
#1116 = DIRECTION('',(-0.707106781185,0.707106781188,-0.));
#1117 = ORIENTED_EDGE('',*,*,#1118,.F.);
#1118 = EDGE_CURVE('',#1119,#1111,#1121,.T.);
#1119 = VERTEX_POINT('',#1120);
#1120 = CARTESIAN_POINT('',(19.6,12.4,106.));
#1121 = LINE('',#1122,#1123);
#1122 = CARTESIAN_POINT('',(19.6,11.6,106.));
#1123 = VECTOR('',#1124,1.);
#1124 = DIRECTION('',(0.,-1.,0.));
#1125 = ORIENTED_EDGE('',*,*,#1126,.T.);
#1126 = EDGE_CURVE('',#1119,#1085,#1127,.T.);
#1127 = LINE('',#1128,#1129);
#1128 = CARTESIAN_POINT('',(19.6,12.4,106.));
#1129 = VECTOR('',#1130,1.);
#1130 = DIRECTION('',(-1.,0.,0.));
#1131 = PLANE('',#1132);
#1132 = AXIS2_PLACEMENT_3D('',#1133,#1134,#1135);
#1133 = CARTESIAN_POINT('',(10.600000000003,11.810314815767,106.));
#1134 = DIRECTION('',(0.,0.,1.));
#1135 = DIRECTION('',(1.,0.,0.));
#1136 = ADVANCED_FACE('',(#1137,#1162,#1173,#1184,#1195,#1206),#1217,.T.
  );
#1137 = FACE_BOUND('',#1138,.T.);
#1138 = EDGE_LOOP('',(#1139,#1147,#1148,#1156));
#1139 = ORIENTED_EDGE('',*,*,#1140,.T.);
#1140 = EDGE_CURVE('',#1141,#1103,#1143,.T.);
#1141 = VERTEX_POINT('',#1142);
#1142 = CARTESIAN_POINT('',(18.,11.6,-4.));
#1143 = LINE('',#1144,#1145);
#1144 = CARTESIAN_POINT('',(18.,11.6,-4.));
#1145 = VECTOR('',#1146,1.);
#1146 = DIRECTION('',(0.,0.,1.));
#1147 = ORIENTED_EDGE('',*,*,#1102,.F.);
#1148 = ORIENTED_EDGE('',*,*,#1149,.F.);
#1149 = EDGE_CURVE('',#1150,#1095,#1152,.T.);
#1150 = VERTEX_POINT('',#1151);
#1151 = CARTESIAN_POINT('',(3.2,11.6,-4.));
#1152 = LINE('',#1153,#1154);
#1153 = CARTESIAN_POINT('',(3.2,11.6,84.));
#1154 = VECTOR('',#1155,1.);
#1155 = DIRECTION('',(0.,0.,1.));
#1156 = ORIENTED_EDGE('',*,*,#1157,.F.);
#1157 = EDGE_CURVE('',#1141,#1150,#1158,.T.);
#1158 = LINE('',#1159,#1160);
#1159 = CARTESIAN_POINT('',(19.6,11.6,-4.));
#1160 = VECTOR('',#1161,1.);
#1161 = DIRECTION('',(-1.,0.,0.));
#1162 = FACE_BOUND('',#1163,.T.);
#1163 = EDGE_LOOP('',(#1164));
#1164 = ORIENTED_EDGE('',*,*,#1165,.F.);
#1165 = EDGE_CURVE('',#1166,#1166,#1168,.T.);
#1166 = VERTEX_POINT('',#1167);
#1167 = CARTESIAN_POINT('',(13.95,11.6,31.));
#1168 = CIRCLE('',#1169,3.35);
#1169 = AXIS2_PLACEMENT_3D('',#1170,#1171,#1172);
#1170 = CARTESIAN_POINT('',(10.6,11.6,31.));
#1171 = DIRECTION('',(0.,-1.,0.));
#1172 = DIRECTION('',(1.,0.,0.));
#1173 = FACE_BOUND('',#1174,.T.);
#1174 = EDGE_LOOP('',(#1175));
#1175 = ORIENTED_EDGE('',*,*,#1176,.F.);
#1176 = EDGE_CURVE('',#1177,#1177,#1179,.T.);
#1177 = VERTEX_POINT('',#1178);
#1178 = CARTESIAN_POINT('',(13.95,11.6,53.));
#1179 = CIRCLE('',#1180,3.35);
#1180 = AXIS2_PLACEMENT_3D('',#1181,#1182,#1183);
#1181 = CARTESIAN_POINT('',(10.6,11.6,53.));
#1182 = DIRECTION('',(0.,-1.,0.));
#1183 = DIRECTION('',(1.,0.,0.));
#1184 = FACE_BOUND('',#1185,.T.);
#1185 = EDGE_LOOP('',(#1186));
#1186 = ORIENTED_EDGE('',*,*,#1187,.F.);
#1187 = EDGE_CURVE('',#1188,#1188,#1190,.T.);
#1188 = VERTEX_POINT('',#1189);
#1189 = CARTESIAN_POINT('',(13.95,11.6,9.));
#1190 = CIRCLE('',#1191,3.35);
#1191 = AXIS2_PLACEMENT_3D('',#1192,#1193,#1194);
#1192 = CARTESIAN_POINT('',(10.6,11.6,9.));
#1193 = DIRECTION('',(0.,-1.,0.));
#1194 = DIRECTION('',(1.,0.,0.));
#1195 = FACE_BOUND('',#1196,.T.);
#1196 = EDGE_LOOP('',(#1197));
#1197 = ORIENTED_EDGE('',*,*,#1198,.F.);
#1198 = EDGE_CURVE('',#1199,#1199,#1201,.T.);
#1199 = VERTEX_POINT('',#1200);
#1200 = CARTESIAN_POINT('',(13.95,11.6,75.));
#1201 = CIRCLE('',#1202,3.35);
#1202 = AXIS2_PLACEMENT_3D('',#1203,#1204,#1205);
#1203 = CARTESIAN_POINT('',(10.6,11.6,75.));
#1204 = DIRECTION('',(0.,-1.,0.));
#1205 = DIRECTION('',(1.,0.,0.));
#1206 = FACE_BOUND('',#1207,.T.);
#1207 = EDGE_LOOP('',(#1208));
#1208 = ORIENTED_EDGE('',*,*,#1209,.F.);
#1209 = EDGE_CURVE('',#1210,#1210,#1212,.T.);
#1210 = VERTEX_POINT('',#1211);
#1211 = CARTESIAN_POINT('',(13.95,11.6,97.));
#1212 = CIRCLE('',#1213,3.35);
#1213 = AXIS2_PLACEMENT_3D('',#1214,#1215,#1216);
#1214 = CARTESIAN_POINT('',(10.6,11.6,97.));
#1215 = DIRECTION('',(0.,-1.,0.));
#1216 = DIRECTION('',(1.,0.,0.));
#1217 = PLANE('',#1218);
#1218 = AXIS2_PLACEMENT_3D('',#1219,#1220,#1221);
#1219 = CARTESIAN_POINT('',(10.6,11.6,51.));
#1220 = DIRECTION('',(-0.,-1.,-0.));
#1221 = DIRECTION('',(0.,0.,-1.));
#1222 = ADVANCED_FACE('',(#1223),#1264,.T.);
#1223 = FACE_BOUND('',#1224,.T.);
#1224 = EDGE_LOOP('',(#1225,#1235,#1243,#1251,#1257,#1258));
#1225 = ORIENTED_EDGE('',*,*,#1226,.T.);
#1226 = EDGE_CURVE('',#1227,#1229,#1231,.T.);
#1227 = VERTEX_POINT('',#1228);
#1228 = CARTESIAN_POINT('',(1.6,10.,-4.));
#1229 = VERTEX_POINT('',#1230);
#1230 = CARTESIAN_POINT('',(1.6,12.4,-4.));
#1231 = LINE('',#1232,#1233);
#1232 = CARTESIAN_POINT('',(1.6,11.6,-4.));
#1233 = VECTOR('',#1234,1.);
#1234 = DIRECTION('',(0.,1.,0.));
#1235 = ORIENTED_EDGE('',*,*,#1236,.T.);
#1236 = EDGE_CURVE('',#1229,#1237,#1239,.T.);
#1237 = VERTEX_POINT('',#1238);
#1238 = CARTESIAN_POINT('',(19.6,12.4,-4.));
#1239 = LINE('',#1240,#1241);
#1240 = CARTESIAN_POINT('',(1.6,12.4,-4.));
#1241 = VECTOR('',#1242,1.);
#1242 = DIRECTION('',(1.,0.,0.));
#1243 = ORIENTED_EDGE('',*,*,#1244,.T.);
#1244 = EDGE_CURVE('',#1237,#1245,#1247,.T.);
#1245 = VERTEX_POINT('',#1246);
#1246 = CARTESIAN_POINT('',(19.6,9.999999999991,-4.));
#1247 = LINE('',#1248,#1249);
#1248 = CARTESIAN_POINT('',(19.6,11.6,-4.));
#1249 = VECTOR('',#1250,1.);
#1250 = DIRECTION('',(0.,-1.,0.));
#1251 = ORIENTED_EDGE('',*,*,#1252,.T.);
#1252 = EDGE_CURVE('',#1245,#1141,#1253,.T.);
#1253 = LINE('',#1254,#1255);
#1254 = CARTESIAN_POINT('',(19.6,9.999999999991,-4.));
#1255 = VECTOR('',#1256,1.);
#1256 = DIRECTION('',(-0.707106781185,0.707106781188,-0.));
#1257 = ORIENTED_EDGE('',*,*,#1157,.T.);
#1258 = ORIENTED_EDGE('',*,*,#1259,.F.);
#1259 = EDGE_CURVE('',#1227,#1150,#1260,.T.);
#1260 = LINE('',#1261,#1262);
#1261 = CARTESIAN_POINT('',(1.6,10.,-4.));
#1262 = VECTOR('',#1263,1.);
#1263 = DIRECTION('',(0.707106781187,0.707106781187,0.));
#1264 = PLANE('',#1265);
#1265 = AXIS2_PLACEMENT_3D('',#1266,#1267,#1268);
#1266 = CARTESIAN_POINT('',(10.600000000003,11.810314815767,-4.));
#1267 = DIRECTION('',(-0.,-0.,-1.));
#1268 = DIRECTION('',(-1.,0.,0.));
#1269 = ADVANCED_FACE('',(#1270),#1295,.F.);
#1270 = FACE_BOUND('',#1271,.F.);
#1271 = EDGE_LOOP('',(#1272,#1280,#1281,#1289));
#1272 = ORIENTED_EDGE('',*,*,#1273,.T.);
#1273 = EDGE_CURVE('',#1274,#1229,#1276,.T.);
#1274 = VERTEX_POINT('',#1275);
#1275 = CARTESIAN_POINT('',(1.6,12.4,0.));
#1276 = LINE('',#1277,#1278);
#1277 = CARTESIAN_POINT('',(1.6,12.4,0.));
#1278 = VECTOR('',#1279,1.);
#1279 = DIRECTION('',(0.,0.,-1.));
#1280 = ORIENTED_EDGE('',*,*,#1236,.T.);
#1281 = ORIENTED_EDGE('',*,*,#1282,.F.);
#1282 = EDGE_CURVE('',#1283,#1237,#1285,.T.);
#1283 = VERTEX_POINT('',#1284);
#1284 = CARTESIAN_POINT('',(19.6,12.4,0.));
#1285 = LINE('',#1286,#1287);
#1286 = CARTESIAN_POINT('',(19.6,12.4,0.));
#1287 = VECTOR('',#1288,1.);
#1288 = DIRECTION('',(0.,0.,-1.));
#1289 = ORIENTED_EDGE('',*,*,#1290,.F.);
#1290 = EDGE_CURVE('',#1274,#1283,#1291,.T.);
#1291 = LINE('',#1292,#1293);
#1292 = CARTESIAN_POINT('',(1.6,12.4,0.));
#1293 = VECTOR('',#1294,1.);
#1294 = DIRECTION('',(1.,0.,0.));
#1295 = PLANE('',#1296);
#1296 = AXIS2_PLACEMENT_3D('',#1297,#1298,#1299);
#1297 = CARTESIAN_POINT('',(1.6,12.4,0.));
#1298 = DIRECTION('',(0.,-1.,0.));
#1299 = DIRECTION('',(1.,0.,0.));
#1300 = ADVANCED_FACE('',(#1301),#1342,.F.);
#1301 = FACE_BOUND('',#1302,.F.);
#1302 = EDGE_LOOP('',(#1303,#1313,#1321,#1327,#1328,#1336));
#1303 = ORIENTED_EDGE('',*,*,#1304,.F.);
#1304 = EDGE_CURVE('',#1305,#1307,#1309,.T.);
#1305 = VERTEX_POINT('',#1306);
#1306 = CARTESIAN_POINT('',(0.,13.2,0.));
#1307 = VERTEX_POINT('',#1308);
#1308 = CARTESIAN_POINT('',(21.2,13.2,0.));
#1309 = LINE('',#1310,#1311);
#1310 = CARTESIAN_POINT('',(0.,13.2,0.));
#1311 = VECTOR('',#1312,1.);
#1312 = DIRECTION('',(1.,0.,0.));
#1313 = ORIENTED_EDGE('',*,*,#1314,.F.);
#1314 = EDGE_CURVE('',#1315,#1305,#1317,.T.);
#1315 = VERTEX_POINT('',#1316);
#1316 = CARTESIAN_POINT('',(0.,12.4,0.));
#1317 = LINE('',#1318,#1319);
#1318 = CARTESIAN_POINT('',(0.,12.4,0.));
#1319 = VECTOR('',#1320,1.);
#1320 = DIRECTION('',(0.,1.,0.));
#1321 = ORIENTED_EDGE('',*,*,#1322,.F.);
#1322 = EDGE_CURVE('',#1274,#1315,#1323,.T.);
#1323 = LINE('',#1324,#1325);
#1324 = CARTESIAN_POINT('',(1.6,12.4,0.));
#1325 = VECTOR('',#1326,1.);
#1326 = DIRECTION('',(-1.,0.,0.));
#1327 = ORIENTED_EDGE('',*,*,#1290,.T.);
#1328 = ORIENTED_EDGE('',*,*,#1329,.F.);
#1329 = EDGE_CURVE('',#1330,#1283,#1332,.T.);
#1330 = VERTEX_POINT('',#1331);
#1331 = CARTESIAN_POINT('',(21.2,12.4,0.));
#1332 = LINE('',#1333,#1334);
#1333 = CARTESIAN_POINT('',(21.2,12.4,0.));
#1334 = VECTOR('',#1335,1.);
#1335 = DIRECTION('',(-1.,0.,0.));
#1336 = ORIENTED_EDGE('',*,*,#1337,.F.);
#1337 = EDGE_CURVE('',#1307,#1330,#1338,.T.);
#1338 = LINE('',#1339,#1340);
#1339 = CARTESIAN_POINT('',(21.2,13.2,0.));
#1340 = VECTOR('',#1341,1.);
#1341 = DIRECTION('',(0.,-1.,0.));
#1342 = PLANE('',#1343);
#1343 = AXIS2_PLACEMENT_3D('',#1344,#1345,#1346);
#1344 = CARTESIAN_POINT('',(10.6,12.456140350877,0.));
#1345 = DIRECTION('',(0.,0.,1.));
#1346 = DIRECTION('',(1.,0.,0.));
#1347 = ADVANCED_FACE('',(#1348),#1367,.T.);
#1348 = FACE_BOUND('',#1349,.T.);
#1349 = EDGE_LOOP('',(#1350,#1358,#1359,#1360));
#1350 = ORIENTED_EDGE('',*,*,#1351,.F.);
#1351 = EDGE_CURVE('',#1166,#1352,#1354,.T.);
#1352 = VERTEX_POINT('',#1353);
#1353 = CARTESIAN_POINT('',(13.15,10.8,31.));
#1354 = LINE('',#1355,#1356);
#1355 = CARTESIAN_POINT('',(13.15,10.8,31.));
#1356 = VECTOR('',#1357,1.);
#1357 = DIRECTION('',(-0.707106781187,-0.707106781187,0.));
#1358 = ORIENTED_EDGE('',*,*,#1165,.T.);
#1359 = ORIENTED_EDGE('',*,*,#1351,.T.);
#1360 = ORIENTED_EDGE('',*,*,#1361,.F.);
#1361 = EDGE_CURVE('',#1352,#1352,#1362,.T.);
#1362 = CIRCLE('',#1363,2.55);
#1363 = AXIS2_PLACEMENT_3D('',#1364,#1365,#1366);
#1364 = CARTESIAN_POINT('',(10.6,10.8,31.));
#1365 = DIRECTION('',(0.,-1.,0.));
#1366 = DIRECTION('',(1.,0.,0.));
#1367 = CONICAL_SURFACE('',#1368,2.55,0.785398163397);
#1368 = AXIS2_PLACEMENT_3D('',#1369,#1370,#1371);
#1369 = CARTESIAN_POINT('',(10.6,10.8,31.));
#1370 = DIRECTION('',(0.,1.,0.));
#1371 = DIRECTION('',(1.,0.,0.));
#1372 = ADVANCED_FACE('',(#1373),#1392,.T.);
#1373 = FACE_BOUND('',#1374,.F.);
#1374 = EDGE_LOOP('',(#1375,#1383,#1390,#1391));
#1375 = ORIENTED_EDGE('',*,*,#1376,.T.);
#1376 = EDGE_CURVE('',#1352,#1377,#1379,.T.);
#1377 = VERTEX_POINT('',#1378);
#1378 = CARTESIAN_POINT('',(13.15,5.6,31.));
#1379 = LINE('',#1380,#1381);
#1380 = CARTESIAN_POINT('',(13.15,11.6,31.));
#1381 = VECTOR('',#1382,1.);
#1382 = DIRECTION('',(0.,-1.,2.2E-16));
#1383 = ORIENTED_EDGE('',*,*,#1384,.T.);
#1384 = EDGE_CURVE('',#1377,#1377,#1385,.T.);
#1385 = CIRCLE('',#1386,2.55);
#1386 = AXIS2_PLACEMENT_3D('',#1387,#1388,#1389);
#1387 = CARTESIAN_POINT('',(10.6,5.6,31.));
#1388 = DIRECTION('',(0.,-1.,0.));
#1389 = DIRECTION('',(1.,0.,0.));
#1390 = ORIENTED_EDGE('',*,*,#1376,.F.);
#1391 = ORIENTED_EDGE('',*,*,#1361,.F.);
#1392 = CYLINDRICAL_SURFACE('',#1393,2.55);
#1393 = AXIS2_PLACEMENT_3D('',#1394,#1395,#1396);
#1394 = CARTESIAN_POINT('',(10.6,11.6,31.));
#1395 = DIRECTION('',(0.,1.,-2.2E-16));
#1396 = DIRECTION('',(1.,0.,0.));
#1397 = ADVANCED_FACE('',(#1398,#1401),#1412,.F.);
#1398 = FACE_BOUND('',#1399,.F.);
#1399 = EDGE_LOOP('',(#1400));
#1400 = ORIENTED_EDGE('',*,*,#1384,.F.);
#1401 = FACE_BOUND('',#1402,.F.);
#1402 = EDGE_LOOP('',(#1403));
#1403 = ORIENTED_EDGE('',*,*,#1404,.T.);
#1404 = EDGE_CURVE('',#1405,#1405,#1407,.T.);
#1405 = VERTEX_POINT('',#1406);
#1406 = CARTESIAN_POINT('',(12.35,5.6,31.));
#1407 = CIRCLE('',#1408,1.75);
#1408 = AXIS2_PLACEMENT_3D('',#1409,#1410,#1411);
#1409 = CARTESIAN_POINT('',(10.6,5.6,31.));
#1410 = DIRECTION('',(0.,-1.,0.));
#1411 = DIRECTION('',(1.,0.,0.));
#1412 = PLANE('',#1413);
#1413 = AXIS2_PLACEMENT_3D('',#1414,#1415,#1416);
#1414 = CARTESIAN_POINT('',(10.6,5.6,31.));
#1415 = DIRECTION('',(0.,1.,0.));
#1416 = DIRECTION('',(0.,0.,1.));
#1417 = ADVANCED_FACE('',(#1418),#1437,.F.);
#1418 = FACE_BOUND('',#1419,.F.);
#1419 = EDGE_LOOP('',(#1420,#1428,#1435,#1436));
#1420 = ORIENTED_EDGE('',*,*,#1421,.T.);
#1421 = EDGE_CURVE('',#1405,#1422,#1424,.T.);
#1422 = VERTEX_POINT('',#1423);
#1423 = CARTESIAN_POINT('',(12.35,12.4,31.));
#1424 = LINE('',#1425,#1426);
#1425 = CARTESIAN_POINT('',(12.35,5.6,31.));
#1426 = VECTOR('',#1427,1.);
#1427 = DIRECTION('',(0.,1.,-2.2E-16));
#1428 = ORIENTED_EDGE('',*,*,#1429,.T.);
#1429 = EDGE_CURVE('',#1422,#1422,#1430,.T.);
#1430 = CIRCLE('',#1431,1.75);
#1431 = AXIS2_PLACEMENT_3D('',#1432,#1433,#1434);
#1432 = CARTESIAN_POINT('',(10.6,12.4,31.));
#1433 = DIRECTION('',(0.,-1.,0.));
#1434 = DIRECTION('',(1.,0.,0.));
#1435 = ORIENTED_EDGE('',*,*,#1421,.F.);
#1436 = ORIENTED_EDGE('',*,*,#1404,.F.);
#1437 = CYLINDRICAL_SURFACE('',#1438,1.75);
#1438 = AXIS2_PLACEMENT_3D('',#1439,#1440,#1441);
#1439 = CARTESIAN_POINT('',(10.6,5.6,31.));
#1440 = DIRECTION('',(0.,-1.,2.2E-16));
#1441 = DIRECTION('',(1.,0.,0.));
#1442 = ADVANCED_FACE('',(#1443),#1446,.F.);
#1443 = FACE_BOUND('',#1444,.T.);
#1444 = EDGE_LOOP('',(#1445));
#1445 = ORIENTED_EDGE('',*,*,#1429,.T.);
#1446 = PLANE('',#1447);
#1447 = AXIS2_PLACEMENT_3D('',#1448,#1449,#1450);
#1448 = CARTESIAN_POINT('',(10.6,12.4,31.));
#1449 = DIRECTION('',(0.,1.,-2.9E-16));
#1450 = DIRECTION('',(0.,2.9E-16,1.));
#1451 = ADVANCED_FACE('',(#1452),#1471,.T.);
#1452 = FACE_BOUND('',#1453,.T.);
#1453 = EDGE_LOOP('',(#1454,#1462,#1463,#1464));
#1454 = ORIENTED_EDGE('',*,*,#1455,.F.);
#1455 = EDGE_CURVE('',#1177,#1456,#1458,.T.);
#1456 = VERTEX_POINT('',#1457);
#1457 = CARTESIAN_POINT('',(13.15,10.8,53.));
#1458 = LINE('',#1459,#1460);
#1459 = CARTESIAN_POINT('',(13.15,10.8,53.));
#1460 = VECTOR('',#1461,1.);
#1461 = DIRECTION('',(-0.707106781187,-0.707106781187,0.));
#1462 = ORIENTED_EDGE('',*,*,#1176,.T.);
#1463 = ORIENTED_EDGE('',*,*,#1455,.T.);
#1464 = ORIENTED_EDGE('',*,*,#1465,.F.);
#1465 = EDGE_CURVE('',#1456,#1456,#1466,.T.);
#1466 = CIRCLE('',#1467,2.55);
#1467 = AXIS2_PLACEMENT_3D('',#1468,#1469,#1470);
#1468 = CARTESIAN_POINT('',(10.6,10.8,53.));
#1469 = DIRECTION('',(0.,-1.,0.));
#1470 = DIRECTION('',(1.,0.,0.));
#1471 = CONICAL_SURFACE('',#1472,2.55,0.785398163397);
#1472 = AXIS2_PLACEMENT_3D('',#1473,#1474,#1475);
#1473 = CARTESIAN_POINT('',(10.6,10.8,53.));
#1474 = DIRECTION('',(0.,1.,0.));
#1475 = DIRECTION('',(1.,0.,0.));
#1476 = ADVANCED_FACE('',(#1477),#1496,.T.);
#1477 = FACE_BOUND('',#1478,.F.);
#1478 = EDGE_LOOP('',(#1479,#1487,#1494,#1495));
#1479 = ORIENTED_EDGE('',*,*,#1480,.T.);
#1480 = EDGE_CURVE('',#1456,#1481,#1483,.T.);
#1481 = VERTEX_POINT('',#1482);
#1482 = CARTESIAN_POINT('',(13.15,5.6,53.));
#1483 = LINE('',#1484,#1485);
#1484 = CARTESIAN_POINT('',(13.15,11.6,53.));
#1485 = VECTOR('',#1486,1.);
#1486 = DIRECTION('',(0.,-1.,2.2E-16));
#1487 = ORIENTED_EDGE('',*,*,#1488,.T.);
#1488 = EDGE_CURVE('',#1481,#1481,#1489,.T.);
#1489 = CIRCLE('',#1490,2.55);
#1490 = AXIS2_PLACEMENT_3D('',#1491,#1492,#1493);
#1491 = CARTESIAN_POINT('',(10.6,5.6,53.));
#1492 = DIRECTION('',(0.,-1.,0.));
#1493 = DIRECTION('',(1.,0.,0.));
#1494 = ORIENTED_EDGE('',*,*,#1480,.F.);
#1495 = ORIENTED_EDGE('',*,*,#1465,.F.);
#1496 = CYLINDRICAL_SURFACE('',#1497,2.55);
#1497 = AXIS2_PLACEMENT_3D('',#1498,#1499,#1500);
#1498 = CARTESIAN_POINT('',(10.6,11.6,53.));
#1499 = DIRECTION('',(0.,1.,-2.2E-16));
#1500 = DIRECTION('',(1.,0.,0.));
#1501 = ADVANCED_FACE('',(#1502,#1505),#1516,.F.);
#1502 = FACE_BOUND('',#1503,.F.);
#1503 = EDGE_LOOP('',(#1504));
#1504 = ORIENTED_EDGE('',*,*,#1488,.F.);
#1505 = FACE_BOUND('',#1506,.F.);
#1506 = EDGE_LOOP('',(#1507));
#1507 = ORIENTED_EDGE('',*,*,#1508,.T.);
#1508 = EDGE_CURVE('',#1509,#1509,#1511,.T.);
#1509 = VERTEX_POINT('',#1510);
#1510 = CARTESIAN_POINT('',(12.35,5.6,53.));
#1511 = CIRCLE('',#1512,1.75);
#1512 = AXIS2_PLACEMENT_3D('',#1513,#1514,#1515);
#1513 = CARTESIAN_POINT('',(10.6,5.6,53.));
#1514 = DIRECTION('',(0.,-1.,0.));
#1515 = DIRECTION('',(1.,0.,0.));
#1516 = PLANE('',#1517);
#1517 = AXIS2_PLACEMENT_3D('',#1518,#1519,#1520);
#1518 = CARTESIAN_POINT('',(10.6,5.6,53.));
#1519 = DIRECTION('',(0.,1.,0.));
#1520 = DIRECTION('',(0.,0.,1.));
#1521 = ADVANCED_FACE('',(#1522),#1541,.F.);
#1522 = FACE_BOUND('',#1523,.F.);
#1523 = EDGE_LOOP('',(#1524,#1532,#1539,#1540));
#1524 = ORIENTED_EDGE('',*,*,#1525,.T.);
#1525 = EDGE_CURVE('',#1509,#1526,#1528,.T.);
#1526 = VERTEX_POINT('',#1527);
#1527 = CARTESIAN_POINT('',(12.35,12.4,53.));
#1528 = LINE('',#1529,#1530);
#1529 = CARTESIAN_POINT('',(12.35,5.6,53.));
#1530 = VECTOR('',#1531,1.);
#1531 = DIRECTION('',(0.,1.,-2.2E-16));
#1532 = ORIENTED_EDGE('',*,*,#1533,.T.);
#1533 = EDGE_CURVE('',#1526,#1526,#1534,.T.);
#1534 = CIRCLE('',#1535,1.75);
#1535 = AXIS2_PLACEMENT_3D('',#1536,#1537,#1538);
#1536 = CARTESIAN_POINT('',(10.6,12.4,53.));
#1537 = DIRECTION('',(0.,-1.,0.));
#1538 = DIRECTION('',(1.,0.,0.));
#1539 = ORIENTED_EDGE('',*,*,#1525,.F.);
#1540 = ORIENTED_EDGE('',*,*,#1508,.F.);
#1541 = CYLINDRICAL_SURFACE('',#1542,1.75);
#1542 = AXIS2_PLACEMENT_3D('',#1543,#1544,#1545);
#1543 = CARTESIAN_POINT('',(10.6,5.6,53.));
#1544 = DIRECTION('',(0.,-1.,2.2E-16));
#1545 = DIRECTION('',(1.,0.,0.));
#1546 = ADVANCED_FACE('',(#1547),#1550,.F.);
#1547 = FACE_BOUND('',#1548,.T.);
#1548 = EDGE_LOOP('',(#1549));
#1549 = ORIENTED_EDGE('',*,*,#1533,.T.);
#1550 = PLANE('',#1551);
#1551 = AXIS2_PLACEMENT_3D('',#1552,#1553,#1554);
#1552 = CARTESIAN_POINT('',(10.6,12.4,53.));
#1553 = DIRECTION('',(0.,1.,-2.9E-16));
#1554 = DIRECTION('',(0.,2.9E-16,1.));
#1555 = ADVANCED_FACE('',(#1556),#1575,.T.);
#1556 = FACE_BOUND('',#1557,.T.);
#1557 = EDGE_LOOP('',(#1558,#1566,#1567,#1568));
#1558 = ORIENTED_EDGE('',*,*,#1559,.F.);
#1559 = EDGE_CURVE('',#1188,#1560,#1562,.T.);
#1560 = VERTEX_POINT('',#1561);
#1561 = CARTESIAN_POINT('',(13.15,10.8,9.));
#1562 = LINE('',#1563,#1564);
#1563 = CARTESIAN_POINT('',(13.15,10.8,9.));
#1564 = VECTOR('',#1565,1.);
#1565 = DIRECTION('',(-0.707106781187,-0.707106781187,0.));
#1566 = ORIENTED_EDGE('',*,*,#1187,.T.);
#1567 = ORIENTED_EDGE('',*,*,#1559,.T.);
#1568 = ORIENTED_EDGE('',*,*,#1569,.F.);
#1569 = EDGE_CURVE('',#1560,#1560,#1570,.T.);
#1570 = CIRCLE('',#1571,2.55);
#1571 = AXIS2_PLACEMENT_3D('',#1572,#1573,#1574);
#1572 = CARTESIAN_POINT('',(10.6,10.8,9.));
#1573 = DIRECTION('',(0.,-1.,0.));
#1574 = DIRECTION('',(1.,0.,0.));
#1575 = CONICAL_SURFACE('',#1576,2.55,0.785398163397);
#1576 = AXIS2_PLACEMENT_3D('',#1577,#1578,#1579);
#1577 = CARTESIAN_POINT('',(10.6,10.8,9.));
#1578 = DIRECTION('',(0.,1.,0.));
#1579 = DIRECTION('',(1.,0.,0.));
#1580 = ADVANCED_FACE('',(#1581),#1600,.T.);
#1581 = FACE_BOUND('',#1582,.F.);
#1582 = EDGE_LOOP('',(#1583,#1591,#1598,#1599));
#1583 = ORIENTED_EDGE('',*,*,#1584,.T.);
#1584 = EDGE_CURVE('',#1560,#1585,#1587,.T.);
#1585 = VERTEX_POINT('',#1586);
#1586 = CARTESIAN_POINT('',(13.15,5.6,9.));
#1587 = LINE('',#1588,#1589);
#1588 = CARTESIAN_POINT('',(13.15,11.6,9.));
#1589 = VECTOR('',#1590,1.);
#1590 = DIRECTION('',(0.,-1.,2.2E-16));
#1591 = ORIENTED_EDGE('',*,*,#1592,.T.);
#1592 = EDGE_CURVE('',#1585,#1585,#1593,.T.);
#1593 = CIRCLE('',#1594,2.55);
#1594 = AXIS2_PLACEMENT_3D('',#1595,#1596,#1597);
#1595 = CARTESIAN_POINT('',(10.6,5.6,9.));
#1596 = DIRECTION('',(0.,-1.,0.));
#1597 = DIRECTION('',(1.,0.,0.));
#1598 = ORIENTED_EDGE('',*,*,#1584,.F.);
#1599 = ORIENTED_EDGE('',*,*,#1569,.F.);
#1600 = CYLINDRICAL_SURFACE('',#1601,2.55);
#1601 = AXIS2_PLACEMENT_3D('',#1602,#1603,#1604);
#1602 = CARTESIAN_POINT('',(10.6,11.6,9.));
#1603 = DIRECTION('',(0.,1.,-2.2E-16));
#1604 = DIRECTION('',(1.,0.,0.));
#1605 = ADVANCED_FACE('',(#1606,#1609),#1620,.F.);
#1606 = FACE_BOUND('',#1607,.F.);
#1607 = EDGE_LOOP('',(#1608));
#1608 = ORIENTED_EDGE('',*,*,#1592,.F.);
#1609 = FACE_BOUND('',#1610,.F.);
#1610 = EDGE_LOOP('',(#1611));
#1611 = ORIENTED_EDGE('',*,*,#1612,.T.);
#1612 = EDGE_CURVE('',#1613,#1613,#1615,.T.);
#1613 = VERTEX_POINT('',#1614);
#1614 = CARTESIAN_POINT('',(12.35,5.6,9.));
#1615 = CIRCLE('',#1616,1.75);
#1616 = AXIS2_PLACEMENT_3D('',#1617,#1618,#1619);
#1617 = CARTESIAN_POINT('',(10.6,5.6,9.));
#1618 = DIRECTION('',(0.,-1.,0.));
#1619 = DIRECTION('',(1.,0.,0.));
#1620 = PLANE('',#1621);
#1621 = AXIS2_PLACEMENT_3D('',#1622,#1623,#1624);
#1622 = CARTESIAN_POINT('',(10.6,5.6,9.));
#1623 = DIRECTION('',(0.,1.,0.));
#1624 = DIRECTION('',(0.,0.,1.));
#1625 = ADVANCED_FACE('',(#1626),#1645,.F.);
#1626 = FACE_BOUND('',#1627,.F.);
#1627 = EDGE_LOOP('',(#1628,#1636,#1643,#1644));
#1628 = ORIENTED_EDGE('',*,*,#1629,.T.);
#1629 = EDGE_CURVE('',#1613,#1630,#1632,.T.);
#1630 = VERTEX_POINT('',#1631);
#1631 = CARTESIAN_POINT('',(12.35,12.4,9.));
#1632 = LINE('',#1633,#1634);
#1633 = CARTESIAN_POINT('',(12.35,5.6,9.));
#1634 = VECTOR('',#1635,1.);
#1635 = DIRECTION('',(0.,1.,-2.2E-16));
#1636 = ORIENTED_EDGE('',*,*,#1637,.T.);
#1637 = EDGE_CURVE('',#1630,#1630,#1638,.T.);
#1638 = CIRCLE('',#1639,1.75);
#1639 = AXIS2_PLACEMENT_3D('',#1640,#1641,#1642);
#1640 = CARTESIAN_POINT('',(10.6,12.4,9.));
#1641 = DIRECTION('',(0.,-1.,0.));
#1642 = DIRECTION('',(1.,0.,0.));
#1643 = ORIENTED_EDGE('',*,*,#1629,.F.);
#1644 = ORIENTED_EDGE('',*,*,#1612,.F.);
#1645 = CYLINDRICAL_SURFACE('',#1646,1.75);
#1646 = AXIS2_PLACEMENT_3D('',#1647,#1648,#1649);
#1647 = CARTESIAN_POINT('',(10.6,5.6,9.));
#1648 = DIRECTION('',(0.,-1.,2.2E-16));
#1649 = DIRECTION('',(1.,0.,0.));
#1650 = ADVANCED_FACE('',(#1651),#1654,.F.);
#1651 = FACE_BOUND('',#1652,.T.);
#1652 = EDGE_LOOP('',(#1653));
#1653 = ORIENTED_EDGE('',*,*,#1637,.T.);
#1654 = PLANE('',#1655);
#1655 = AXIS2_PLACEMENT_3D('',#1656,#1657,#1658);
#1656 = CARTESIAN_POINT('',(10.6,12.4,9.));
#1657 = DIRECTION('',(0.,1.,-2.9E-16));
#1658 = DIRECTION('',(0.,2.9E-16,1.));
#1659 = ADVANCED_FACE('',(#1660),#1679,.T.);
#1660 = FACE_BOUND('',#1661,.T.);
#1661 = EDGE_LOOP('',(#1662,#1670,#1671,#1672));
#1662 = ORIENTED_EDGE('',*,*,#1663,.F.);
#1663 = EDGE_CURVE('',#1199,#1664,#1666,.T.);
#1664 = VERTEX_POINT('',#1665);
#1665 = CARTESIAN_POINT('',(13.15,10.8,75.));
#1666 = LINE('',#1667,#1668);
#1667 = CARTESIAN_POINT('',(13.15,10.8,75.));
#1668 = VECTOR('',#1669,1.);
#1669 = DIRECTION('',(-0.707106781187,-0.707106781187,0.));
#1670 = ORIENTED_EDGE('',*,*,#1198,.T.);
#1671 = ORIENTED_EDGE('',*,*,#1663,.T.);
#1672 = ORIENTED_EDGE('',*,*,#1673,.F.);
#1673 = EDGE_CURVE('',#1664,#1664,#1674,.T.);
#1674 = CIRCLE('',#1675,2.55);
#1675 = AXIS2_PLACEMENT_3D('',#1676,#1677,#1678);
#1676 = CARTESIAN_POINT('',(10.6,10.8,75.));
#1677 = DIRECTION('',(0.,-1.,0.));
#1678 = DIRECTION('',(1.,0.,0.));
#1679 = CONICAL_SURFACE('',#1680,2.55,0.785398163397);
#1680 = AXIS2_PLACEMENT_3D('',#1681,#1682,#1683);
#1681 = CARTESIAN_POINT('',(10.6,10.8,75.));
#1682 = DIRECTION('',(0.,1.,0.));
#1683 = DIRECTION('',(1.,0.,0.));
#1684 = ADVANCED_FACE('',(#1685),#1704,.T.);
#1685 = FACE_BOUND('',#1686,.F.);
#1686 = EDGE_LOOP('',(#1687,#1695,#1702,#1703));
#1687 = ORIENTED_EDGE('',*,*,#1688,.T.);
#1688 = EDGE_CURVE('',#1664,#1689,#1691,.T.);
#1689 = VERTEX_POINT('',#1690);
#1690 = CARTESIAN_POINT('',(13.15,5.6,75.));
#1691 = LINE('',#1692,#1693);
#1692 = CARTESIAN_POINT('',(13.15,11.6,75.));
#1693 = VECTOR('',#1694,1.);
#1694 = DIRECTION('',(0.,-1.,2.2E-16));
#1695 = ORIENTED_EDGE('',*,*,#1696,.T.);
#1696 = EDGE_CURVE('',#1689,#1689,#1697,.T.);
#1697 = CIRCLE('',#1698,2.55);
#1698 = AXIS2_PLACEMENT_3D('',#1699,#1700,#1701);
#1699 = CARTESIAN_POINT('',(10.6,5.6,75.));
#1700 = DIRECTION('',(0.,-1.,0.));
#1701 = DIRECTION('',(1.,0.,0.));
#1702 = ORIENTED_EDGE('',*,*,#1688,.F.);
#1703 = ORIENTED_EDGE('',*,*,#1673,.F.);
#1704 = CYLINDRICAL_SURFACE('',#1705,2.55);
#1705 = AXIS2_PLACEMENT_3D('',#1706,#1707,#1708);
#1706 = CARTESIAN_POINT('',(10.6,11.6,75.));
#1707 = DIRECTION('',(0.,1.,-2.2E-16));
#1708 = DIRECTION('',(1.,0.,0.));
#1709 = ADVANCED_FACE('',(#1710,#1713),#1724,.F.);
#1710 = FACE_BOUND('',#1711,.F.);
#1711 = EDGE_LOOP('',(#1712));
#1712 = ORIENTED_EDGE('',*,*,#1696,.F.);
#1713 = FACE_BOUND('',#1714,.F.);
#1714 = EDGE_LOOP('',(#1715));
#1715 = ORIENTED_EDGE('',*,*,#1716,.T.);
#1716 = EDGE_CURVE('',#1717,#1717,#1719,.T.);
#1717 = VERTEX_POINT('',#1718);
#1718 = CARTESIAN_POINT('',(12.35,5.6,75.));
#1719 = CIRCLE('',#1720,1.75);
#1720 = AXIS2_PLACEMENT_3D('',#1721,#1722,#1723);
#1721 = CARTESIAN_POINT('',(10.6,5.6,75.));
#1722 = DIRECTION('',(0.,-1.,0.));
#1723 = DIRECTION('',(1.,0.,0.));
#1724 = PLANE('',#1725);
#1725 = AXIS2_PLACEMENT_3D('',#1726,#1727,#1728);
#1726 = CARTESIAN_POINT('',(10.6,5.6,75.));
#1727 = DIRECTION('',(0.,1.,0.));
#1728 = DIRECTION('',(0.,0.,1.));
#1729 = ADVANCED_FACE('',(#1730),#1749,.F.);
#1730 = FACE_BOUND('',#1731,.F.);
#1731 = EDGE_LOOP('',(#1732,#1740,#1747,#1748));
#1732 = ORIENTED_EDGE('',*,*,#1733,.T.);
#1733 = EDGE_CURVE('',#1717,#1734,#1736,.T.);
#1734 = VERTEX_POINT('',#1735);
#1735 = CARTESIAN_POINT('',(12.35,12.4,75.));
#1736 = LINE('',#1737,#1738);
#1737 = CARTESIAN_POINT('',(12.35,5.6,75.));
#1738 = VECTOR('',#1739,1.);
#1739 = DIRECTION('',(0.,1.,-2.2E-16));
#1740 = ORIENTED_EDGE('',*,*,#1741,.T.);
#1741 = EDGE_CURVE('',#1734,#1734,#1742,.T.);
#1742 = CIRCLE('',#1743,1.75);
#1743 = AXIS2_PLACEMENT_3D('',#1744,#1745,#1746);
#1744 = CARTESIAN_POINT('',(10.6,12.4,75.));
#1745 = DIRECTION('',(0.,-1.,0.));
#1746 = DIRECTION('',(1.,0.,0.));
#1747 = ORIENTED_EDGE('',*,*,#1733,.F.);
#1748 = ORIENTED_EDGE('',*,*,#1716,.F.);
#1749 = CYLINDRICAL_SURFACE('',#1750,1.75);
#1750 = AXIS2_PLACEMENT_3D('',#1751,#1752,#1753);
#1751 = CARTESIAN_POINT('',(10.6,5.6,75.));
#1752 = DIRECTION('',(0.,-1.,2.2E-16));
#1753 = DIRECTION('',(1.,0.,0.));
#1754 = ADVANCED_FACE('',(#1755),#1758,.F.);
#1755 = FACE_BOUND('',#1756,.T.);
#1756 = EDGE_LOOP('',(#1757));
#1757 = ORIENTED_EDGE('',*,*,#1741,.T.);
#1758 = PLANE('',#1759);
#1759 = AXIS2_PLACEMENT_3D('',#1760,#1761,#1762);
#1760 = CARTESIAN_POINT('',(10.6,12.4,75.));
#1761 = DIRECTION('',(0.,1.,-2.9E-16));
#1762 = DIRECTION('',(0.,2.9E-16,1.));
#1763 = ADVANCED_FACE('',(#1764),#1783,.T.);
#1764 = FACE_BOUND('',#1765,.T.);
#1765 = EDGE_LOOP('',(#1766,#1774,#1775,#1776));
#1766 = ORIENTED_EDGE('',*,*,#1767,.F.);
#1767 = EDGE_CURVE('',#1210,#1768,#1770,.T.);
#1768 = VERTEX_POINT('',#1769);
#1769 = CARTESIAN_POINT('',(13.15,10.8,97.));
#1770 = LINE('',#1771,#1772);
#1771 = CARTESIAN_POINT('',(13.15,10.8,97.));
#1772 = VECTOR('',#1773,1.);
#1773 = DIRECTION('',(-0.707106781187,-0.707106781187,0.));
#1774 = ORIENTED_EDGE('',*,*,#1209,.T.);
#1775 = ORIENTED_EDGE('',*,*,#1767,.T.);
#1776 = ORIENTED_EDGE('',*,*,#1777,.F.);
#1777 = EDGE_CURVE('',#1768,#1768,#1778,.T.);
#1778 = CIRCLE('',#1779,2.55);
#1779 = AXIS2_PLACEMENT_3D('',#1780,#1781,#1782);
#1780 = CARTESIAN_POINT('',(10.6,10.8,97.));
#1781 = DIRECTION('',(0.,-1.,0.));
#1782 = DIRECTION('',(1.,0.,0.));
#1783 = CONICAL_SURFACE('',#1784,2.55,0.785398163397);
#1784 = AXIS2_PLACEMENT_3D('',#1785,#1786,#1787);
#1785 = CARTESIAN_POINT('',(10.6,10.8,97.));
#1786 = DIRECTION('',(0.,1.,0.));
#1787 = DIRECTION('',(1.,0.,0.));
#1788 = ADVANCED_FACE('',(#1789),#1808,.T.);
#1789 = FACE_BOUND('',#1790,.F.);
#1790 = EDGE_LOOP('',(#1791,#1799,#1806,#1807));
#1791 = ORIENTED_EDGE('',*,*,#1792,.T.);
#1792 = EDGE_CURVE('',#1768,#1793,#1795,.T.);
#1793 = VERTEX_POINT('',#1794);
#1794 = CARTESIAN_POINT('',(13.15,5.6,97.));
#1795 = LINE('',#1796,#1797);
#1796 = CARTESIAN_POINT('',(13.15,11.6,97.));
#1797 = VECTOR('',#1798,1.);
#1798 = DIRECTION('',(0.,-1.,2.2E-16));
#1799 = ORIENTED_EDGE('',*,*,#1800,.T.);
#1800 = EDGE_CURVE('',#1793,#1793,#1801,.T.);
#1801 = CIRCLE('',#1802,2.55);
#1802 = AXIS2_PLACEMENT_3D('',#1803,#1804,#1805);
#1803 = CARTESIAN_POINT('',(10.6,5.6,97.));
#1804 = DIRECTION('',(0.,-1.,0.));
#1805 = DIRECTION('',(1.,0.,0.));
#1806 = ORIENTED_EDGE('',*,*,#1792,.F.);
#1807 = ORIENTED_EDGE('',*,*,#1777,.F.);
#1808 = CYLINDRICAL_SURFACE('',#1809,2.55);
#1809 = AXIS2_PLACEMENT_3D('',#1810,#1811,#1812);
#1810 = CARTESIAN_POINT('',(10.6,11.6,97.));
#1811 = DIRECTION('',(0.,1.,-2.2E-16));
#1812 = DIRECTION('',(1.,0.,0.));
#1813 = ADVANCED_FACE('',(#1814,#1817),#1828,.F.);
#1814 = FACE_BOUND('',#1815,.F.);
#1815 = EDGE_LOOP('',(#1816));
#1816 = ORIENTED_EDGE('',*,*,#1800,.F.);
#1817 = FACE_BOUND('',#1818,.F.);
#1818 = EDGE_LOOP('',(#1819));
#1819 = ORIENTED_EDGE('',*,*,#1820,.T.);
#1820 = EDGE_CURVE('',#1821,#1821,#1823,.T.);
#1821 = VERTEX_POINT('',#1822);
#1822 = CARTESIAN_POINT('',(12.35,5.6,97.));
#1823 = CIRCLE('',#1824,1.75);
#1824 = AXIS2_PLACEMENT_3D('',#1825,#1826,#1827);
#1825 = CARTESIAN_POINT('',(10.6,5.6,97.));
#1826 = DIRECTION('',(0.,-1.,0.));
#1827 = DIRECTION('',(1.,0.,0.));
#1828 = PLANE('',#1829);
#1829 = AXIS2_PLACEMENT_3D('',#1830,#1831,#1832);
#1830 = CARTESIAN_POINT('',(10.6,5.6,97.));
#1831 = DIRECTION('',(0.,1.,0.));
#1832 = DIRECTION('',(0.,0.,1.));
#1833 = ADVANCED_FACE('',(#1834),#1853,.F.);
#1834 = FACE_BOUND('',#1835,.F.);
#1835 = EDGE_LOOP('',(#1836,#1844,#1851,#1852));
#1836 = ORIENTED_EDGE('',*,*,#1837,.T.);
#1837 = EDGE_CURVE('',#1821,#1838,#1840,.T.);
#1838 = VERTEX_POINT('',#1839);
#1839 = CARTESIAN_POINT('',(12.35,12.4,97.));
#1840 = LINE('',#1841,#1842);
#1841 = CARTESIAN_POINT('',(12.35,5.6,97.));
#1842 = VECTOR('',#1843,1.);
#1843 = DIRECTION('',(0.,1.,-2.2E-16));
#1844 = ORIENTED_EDGE('',*,*,#1845,.T.);
#1845 = EDGE_CURVE('',#1838,#1838,#1846,.T.);
#1846 = CIRCLE('',#1847,1.75);
#1847 = AXIS2_PLACEMENT_3D('',#1848,#1849,#1850);
#1848 = CARTESIAN_POINT('',(10.6,12.4,97.));
#1849 = DIRECTION('',(0.,-1.,0.));
#1850 = DIRECTION('',(1.,0.,0.));
#1851 = ORIENTED_EDGE('',*,*,#1837,.F.);
#1852 = ORIENTED_EDGE('',*,*,#1820,.F.);
#1853 = CYLINDRICAL_SURFACE('',#1854,1.75);
#1854 = AXIS2_PLACEMENT_3D('',#1855,#1856,#1857);
#1855 = CARTESIAN_POINT('',(10.6,5.6,97.));
#1856 = DIRECTION('',(0.,-1.,2.2E-16));
#1857 = DIRECTION('',(1.,0.,0.));
#1858 = ADVANCED_FACE('',(#1859),#1862,.F.);
#1859 = FACE_BOUND('',#1860,.T.);
#1860 = EDGE_LOOP('',(#1861));
#1861 = ORIENTED_EDGE('',*,*,#1845,.T.);
#1862 = PLANE('',#1863);
#1863 = AXIS2_PLACEMENT_3D('',#1864,#1865,#1866);
#1864 = CARTESIAN_POINT('',(10.6,12.4,97.));
#1865 = DIRECTION('',(0.,1.,-2.9E-16));
#1866 = DIRECTION('',(0.,2.9E-16,1.));
#1867 = ADVANCED_FACE('',(#1868),#1879,.T.);
#1868 = FACE_BOUND('',#1869,.T.);
#1869 = EDGE_LOOP('',(#1870,#1876,#1877,#1878));
#1870 = ORIENTED_EDGE('',*,*,#1871,.T.);
#1871 = EDGE_CURVE('',#1245,#1111,#1872,.T.);
#1872 = LINE('',#1873,#1874);
#1873 = CARTESIAN_POINT('',(19.6,9.999999999991,-4.));
#1874 = VECTOR('',#1875,1.);
#1875 = DIRECTION('',(0.,0.,1.));
#1876 = ORIENTED_EDGE('',*,*,#1110,.T.);
#1877 = ORIENTED_EDGE('',*,*,#1140,.F.);
#1878 = ORIENTED_EDGE('',*,*,#1252,.F.);
#1879 = PLANE('',#1880);
#1880 = AXIS2_PLACEMENT_3D('',#1881,#1882,#1883);
#1881 = CARTESIAN_POINT('',(18.8,10.799999999996,51.));
#1882 = DIRECTION('',(-0.707106781188,-0.707106781185,1.4E-16));
#1883 = DIRECTION('',(0.707106781185,-0.707106781188,-1.53665771839E-33)
  );
#1884 = ADVANCED_FACE('',(#1885),#1896,.T.);
#1885 = FACE_BOUND('',#1886,.T.);
#1886 = EDGE_LOOP('',(#1887,#1888,#1889,#1890));
#1887 = ORIENTED_EDGE('',*,*,#1259,.T.);
#1888 = ORIENTED_EDGE('',*,*,#1149,.T.);
#1889 = ORIENTED_EDGE('',*,*,#1094,.F.);
#1890 = ORIENTED_EDGE('',*,*,#1891,.F.);
#1891 = EDGE_CURVE('',#1227,#1087,#1892,.T.);
#1892 = LINE('',#1893,#1894);
#1893 = CARTESIAN_POINT('',(1.6,10.,84.));
#1894 = VECTOR('',#1895,1.);
#1895 = DIRECTION('',(0.,0.,1.));
#1896 = PLANE('',#1897);
#1897 = AXIS2_PLACEMENT_3D('',#1898,#1899,#1900);
#1898 = CARTESIAN_POINT('',(2.4,10.8,51.));
#1899 = DIRECTION('',(0.707106781187,-0.707106781187,0.));
#1900 = DIRECTION('',(-0.707106781187,-0.707106781187,0.));
#1901 = ADVANCED_FACE('',(#1902),#1914,.T.);
#1902 = FACE_BOUND('',#1903,.T.);
#1903 = EDGE_LOOP('',(#1904,#1905,#1911,#1912,#1913));
#1904 = ORIENTED_EDGE('',*,*,#1282,.F.);
#1905 = ORIENTED_EDGE('',*,*,#1906,.T.);
#1906 = EDGE_CURVE('',#1283,#1119,#1907,.T.);
#1907 = LINE('',#1908,#1909);
#1908 = CARTESIAN_POINT('',(19.6,12.4,0.));
#1909 = VECTOR('',#1910,1.);
#1910 = DIRECTION('',(0.,0.,1.));
#1911 = ORIENTED_EDGE('',*,*,#1118,.T.);
#1912 = ORIENTED_EDGE('',*,*,#1871,.F.);
#1913 = ORIENTED_EDGE('',*,*,#1244,.F.);
#1914 = PLANE('',#1915);
#1915 = AXIS2_PLACEMENT_3D('',#1916,#1917,#1918);
#1916 = CARTESIAN_POINT('',(19.6,11.199999999996,51.));
#1917 = DIRECTION('',(1.,0.,0.));
#1918 = DIRECTION('',(0.,0.,1.));
#1919 = ADVANCED_FACE('',(#1920),#1932,.T.);
#1920 = FACE_BOUND('',#1921,.T.);
#1921 = EDGE_LOOP('',(#1922,#1923,#1924,#1925,#1926));
#1922 = ORIENTED_EDGE('',*,*,#1273,.T.);
#1923 = ORIENTED_EDGE('',*,*,#1226,.F.);
#1924 = ORIENTED_EDGE('',*,*,#1891,.T.);
#1925 = ORIENTED_EDGE('',*,*,#1084,.F.);
#1926 = ORIENTED_EDGE('',*,*,#1927,.F.);
#1927 = EDGE_CURVE('',#1274,#1085,#1928,.T.);
#1928 = LINE('',#1929,#1930);
#1929 = CARTESIAN_POINT('',(1.6,12.4,88.));
#1930 = VECTOR('',#1931,1.);
#1931 = DIRECTION('',(0.,0.,1.));
#1932 = PLANE('',#1933);
#1933 = AXIS2_PLACEMENT_3D('',#1934,#1935,#1936);
#1934 = CARTESIAN_POINT('',(1.6,11.2,51.));
#1935 = DIRECTION('',(-1.,-0.,-0.));
#1936 = DIRECTION('',(0.,0.,-1.));
#1937 = ADVANCED_FACE('',(#1938),#1967,.T.);
#1938 = FACE_BOUND('',#1939,.T.);
#1939 = EDGE_LOOP('',(#1940,#1941,#1942,#1950,#1958,#1964,#1965,#1966));
#1940 = ORIENTED_EDGE('',*,*,#1906,.F.);
#1941 = ORIENTED_EDGE('',*,*,#1329,.F.);
#1942 = ORIENTED_EDGE('',*,*,#1943,.T.);
#1943 = EDGE_CURVE('',#1330,#1944,#1946,.T.);
#1944 = VERTEX_POINT('',#1945);
#1945 = CARTESIAN_POINT('',(21.2,12.4,110.));
#1946 = LINE('',#1947,#1948);
#1947 = CARTESIAN_POINT('',(21.2,12.4,0.));
#1948 = VECTOR('',#1949,1.);
#1949 = DIRECTION('',(0.,0.,1.));
#1950 = ORIENTED_EDGE('',*,*,#1951,.T.);
#1951 = EDGE_CURVE('',#1944,#1952,#1954,.T.);
#1952 = VERTEX_POINT('',#1953);
#1953 = CARTESIAN_POINT('',(1.E-14,12.4,110.));
#1954 = LINE('',#1955,#1956);
#1955 = CARTESIAN_POINT('',(1.6,12.4,110.));
#1956 = VECTOR('',#1957,1.);
#1957 = DIRECTION('',(-1.,0.,0.));
#1958 = ORIENTED_EDGE('',*,*,#1959,.F.);
#1959 = EDGE_CURVE('',#1315,#1952,#1960,.T.);
#1960 = LINE('',#1961,#1962);
#1961 = CARTESIAN_POINT('',(9.77E-15,12.4,88.));
#1962 = VECTOR('',#1963,1.);
#1963 = DIRECTION('',(0.,0.,1.));
#1964 = ORIENTED_EDGE('',*,*,#1322,.F.);
#1965 = ORIENTED_EDGE('',*,*,#1927,.T.);
#1966 = ORIENTED_EDGE('',*,*,#1126,.F.);
#1967 = PLANE('',#1968);
#1968 = AXIS2_PLACEMENT_3D('',#1969,#1970,#1971);
#1969 = CARTESIAN_POINT('',(10.6,12.4,58.128161888702));
#1970 = DIRECTION('',(-0.,-1.,-0.));
#1971 = DIRECTION('',(0.,0.,-1.));
#1972 = ADVANCED_FACE('',(#1973),#1998,.T.);
#1973 = FACE_BOUND('',#1974,.T.);
#1974 = EDGE_LOOP('',(#1975,#1985,#1991,#1992));
#1975 = ORIENTED_EDGE('',*,*,#1976,.F.);
#1976 = EDGE_CURVE('',#1977,#1979,#1981,.T.);
#1977 = VERTEX_POINT('',#1978);
#1978 = CARTESIAN_POINT('',(1.E-14,13.2,110.));
#1979 = VERTEX_POINT('',#1980);
#1980 = CARTESIAN_POINT('',(21.2,13.2,110.));
#1981 = LINE('',#1982,#1983);
#1982 = CARTESIAN_POINT('',(1.E-14,13.2,110.));
#1983 = VECTOR('',#1984,1.);
#1984 = DIRECTION('',(1.,0.,0.));
#1985 = ORIENTED_EDGE('',*,*,#1986,.F.);
#1986 = EDGE_CURVE('',#1952,#1977,#1987,.T.);
#1987 = LINE('',#1988,#1989);
#1988 = CARTESIAN_POINT('',(1.E-14,12.4,110.));
#1989 = VECTOR('',#1990,1.);
#1990 = DIRECTION('',(0.,1.,0.));
#1991 = ORIENTED_EDGE('',*,*,#1951,.F.);
#1992 = ORIENTED_EDGE('',*,*,#1993,.F.);
#1993 = EDGE_CURVE('',#1979,#1944,#1994,.T.);
#1994 = LINE('',#1995,#1996);
#1995 = CARTESIAN_POINT('',(21.2,13.2,110.));
#1996 = VECTOR('',#1997,1.);
#1997 = DIRECTION('',(0.,-1.,0.));
#1998 = PLANE('',#1999);
#1999 = AXIS2_PLACEMENT_3D('',#2000,#2001,#2002);
#2000 = CARTESIAN_POINT('',(10.6,12.456140350877,110.));
#2001 = DIRECTION('',(0.,0.,1.));
#2002 = DIRECTION('',(1.,0.,0.));
#2003 = ADVANCED_FACE('',(#2004),#2015,.T.);
#2004 = FACE_BOUND('',#2005,.T.);
#2005 = EDGE_LOOP('',(#2006,#2012,#2013,#2014));
#2006 = ORIENTED_EDGE('',*,*,#2007,.T.);
#2007 = EDGE_CURVE('',#1307,#1979,#2008,.T.);
#2008 = LINE('',#2009,#2010);
#2009 = CARTESIAN_POINT('',(21.2,13.2,0.));
#2010 = VECTOR('',#2011,1.);
#2011 = DIRECTION('',(0.,0.,1.));
#2012 = ORIENTED_EDGE('',*,*,#1993,.T.);
#2013 = ORIENTED_EDGE('',*,*,#1943,.F.);
#2014 = ORIENTED_EDGE('',*,*,#1337,.F.);
#2015 = PLANE('',#2016);
#2016 = AXIS2_PLACEMENT_3D('',#2017,#2018,#2019);
#2017 = CARTESIAN_POINT('',(21.2,12.8,55.));
#2018 = DIRECTION('',(1.,0.,0.));
#2019 = DIRECTION('',(0.,0.,1.));
#2020 = ADVANCED_FACE('',(#2021),#2032,.T.);
#2021 = FACE_BOUND('',#2022,.T.);
#2022 = EDGE_LOOP('',(#2023,#2024,#2025,#2031));
#2023 = ORIENTED_EDGE('',*,*,#1959,.T.);
#2024 = ORIENTED_EDGE('',*,*,#1986,.T.);
#2025 = ORIENTED_EDGE('',*,*,#2026,.F.);
#2026 = EDGE_CURVE('',#1305,#1977,#2027,.T.);
#2027 = LINE('',#2028,#2029);
#2028 = CARTESIAN_POINT('',(9.77E-15,13.2,88.));
#2029 = VECTOR('',#2030,1.);
#2030 = DIRECTION('',(0.,0.,1.));
#2031 = ORIENTED_EDGE('',*,*,#1314,.F.);
#2032 = PLANE('',#2033);
#2033 = AXIS2_PLACEMENT_3D('',#2034,#2035,#2036);
#2034 = CARTESIAN_POINT('',(4.88E-15,12.8,55.));
#2035 = DIRECTION('',(-1.,-0.,-0.));
#2036 = DIRECTION('',(0.,0.,-1.));
#2037 = ADVANCED_FACE('',(#2038),#2044,.T.);
#2038 = FACE_BOUND('',#2039,.T.);
#2039 = EDGE_LOOP('',(#2040,#2041,#2042,#2043));
#2040 = ORIENTED_EDGE('',*,*,#2026,.T.);
#2041 = ORIENTED_EDGE('',*,*,#1976,.T.);
#2042 = ORIENTED_EDGE('',*,*,#2007,.F.);
#2043 = ORIENTED_EDGE('',*,*,#1304,.F.);
#2044 = PLANE('',#2045);
#2045 = AXIS2_PLACEMENT_3D('',#2046,#2047,#2048);
#2046 = CARTESIAN_POINT('',(10.6,13.2,55.));
#2047 = DIRECTION('',(0.,1.,0.));
#2048 = DIRECTION('',(0.,-0.,1.));
#2049 = ( GEOMETRIC_REPRESENTATION_CONTEXT(3) 
GLOBAL_UNCERTAINTY_ASSIGNED_CONTEXT((#2053)) 
GLOBAL_UNIT_ASSIGNED_CONTEXT((#2050,#2051,#2052)) REPRESENTATION_CONTEXT
('Context #1','3D Context with UNIT and UNCERTAINTY') );
#2050 = ( LENGTH_UNIT() NAMED_UNIT(*) SI_UNIT(.MILLI.,.METRE.) );
#2051 = ( NAMED_UNIT(*) PLANE_ANGLE_UNIT() SI_UNIT($,.RADIAN.) );
#2052 = ( NAMED_UNIT(*) SI_UNIT($,.STERADIAN.) SOLID_ANGLE_UNIT() );
#2053 = UNCERTAINTY_MEASURE_WITH_UNIT(LENGTH_MEASURE(1.E-07),#2050,
  'distance_accuracy_value','confusion accuracy');
#2054 = CONTEXT_DEPENDENT_SHAPE_REPRESENTATION(#2055,#2057);
#2055 = ( REPRESENTATION_RELATIONSHIP('','',#1077,#10) 
REPRESENTATION_RELATIONSHIP_WITH_TRANSFORMATION(#2056) 
SHAPE_REPRESENTATION_RELATIONSHIP() );
#2056 = ITEM_DEFINED_TRANSFORMATION('','',#11,#19);
#2057 = PRODUCT_DEFINITION_SHAPE('Placement','Placement of an item',
  #2058);
#2058 = NEXT_ASSEMBLY_USAGE_OCCURRENCE('2','lid','',#5,#1072,$);
#2059 = PRODUCT_RELATED_PRODUCT_CATEGORY('part',$,(#1074));
#2060 = SHAPE_DEFINITION_REPRESENTATION(#2061,#2067);
#2061 = PRODUCT_DEFINITION_SHAPE('','',#2062);
#2062 = PRODUCT_DEFINITION('design','',#2063,#2066);
#2063 = PRODUCT_DEFINITION_FORMATION('','',#2064);
#2064 = PRODUCT('connector','connector','',(#2065));
#2065 = PRODUCT_CONTEXT('',#2,'mechanical');
#2066 = PRODUCT_DEFINITION_CONTEXT('part definition',#2,'design');
#2067 = ADVANCED_BREP_SHAPE_REPRESENTATION('',(#11,#2068),#2310);
#2068 = MANIFOLD_SOLID_BREP('',#2069);
#2069 = CLOSED_SHELL('',(#2070,#2098,#2123,#2143,#2168,#2193,#2218,#2243
    ,#2268,#2293));
#2070 = ADVANCED_FACE('',(#2071,#2082),#2093,.F.);
#2071 = FACE_BOUND('',#2072,.F.);
#2072 = EDGE_LOOP('',(#2073));
#2073 = ORIENTED_EDGE('',*,*,#2074,.T.);
#2074 = EDGE_CURVE('',#2075,#2075,#2077,.T.);
#2075 = VERTEX_POINT('',#2076);
#2076 = CARTESIAN_POINT('',(15.6,-1.E-15,9.));
#2077 = CIRCLE('',#2078,5.);
#2078 = AXIS2_PLACEMENT_3D('',#2079,#2080,#2081);
#2079 = CARTESIAN_POINT('',(10.6,0.,9.));
#2080 = DIRECTION('',(-2.2E-16,-1.,0.));
#2081 = DIRECTION('',(1.,-2.2E-16,0.));
#2082 = FACE_BOUND('',#2083,.F.);
#2083 = EDGE_LOOP('',(#2084));
#2084 = ORIENTED_EDGE('',*,*,#2085,.F.);
#2085 = EDGE_CURVE('',#2086,#2086,#2088,.T.);
#2086 = VERTEX_POINT('',#2087);
#2087 = CARTESIAN_POINT('',(12.6,0.,9.));
#2088 = CIRCLE('',#2089,2.);
#2089 = AXIS2_PLACEMENT_3D('',#2090,#2091,#2092);
#2090 = CARTESIAN_POINT('',(10.6,0.,9.));
#2091 = DIRECTION('',(-2.2E-16,-1.,0.));
#2092 = DIRECTION('',(1.,-2.2E-16,0.));
#2093 = PLANE('',#2094);
#2094 = AXIS2_PLACEMENT_3D('',#2095,#2096,#2097);
#2095 = CARTESIAN_POINT('',(10.6,0.,9.));
#2096 = DIRECTION('',(-2.2E-16,-1.,0.));
#2097 = DIRECTION('',(1.,-2.2E-16,0.));
#2098 = ADVANCED_FACE('',(#2099),#2118,.F.);
#2099 = FACE_BOUND('',#2100,.F.);
#2100 = EDGE_LOOP('',(#2101,#2102,#2110,#2117));
#2101 = ORIENTED_EDGE('',*,*,#2085,.T.);
#2102 = ORIENTED_EDGE('',*,*,#2103,.T.);
#2103 = EDGE_CURVE('',#2086,#2104,#2106,.T.);
#2104 = VERTEX_POINT('',#2105);
#2105 = CARTESIAN_POINT('',(12.6,-14.,9.));
#2106 = LINE('',#2107,#2108);
#2107 = CARTESIAN_POINT('',(12.6,0.,9.));
#2108 = VECTOR('',#2109,1.);
#2109 = DIRECTION('',(0.,-1.,0.));
#2110 = ORIENTED_EDGE('',*,*,#2111,.F.);
#2111 = EDGE_CURVE('',#2104,#2104,#2112,.T.);
#2112 = CIRCLE('',#2113,2.);
#2113 = AXIS2_PLACEMENT_3D('',#2114,#2115,#2116);
#2114 = CARTESIAN_POINT('',(10.6,-14.,9.));
#2115 = DIRECTION('',(-2.2E-16,-1.,0.));
#2116 = DIRECTION('',(1.,-2.2E-16,0.));
#2117 = ORIENTED_EDGE('',*,*,#2103,.F.);
#2118 = CYLINDRICAL_SURFACE('',#2119,2.);
#2119 = AXIS2_PLACEMENT_3D('',#2120,#2121,#2122);
#2120 = CARTESIAN_POINT('',(10.6,0.,9.));
#2121 = DIRECTION('',(-2.2E-16,-1.,0.));
#2122 = DIRECTION('',(1.,-2.2E-16,0.));
#2123 = ADVANCED_FACE('',(#2124,#2127),#2138,.T.);
#2124 = FACE_BOUND('',#2125,.F.);
#2125 = EDGE_LOOP('',(#2126));
#2126 = ORIENTED_EDGE('',*,*,#2111,.T.);
#2127 = FACE_BOUND('',#2128,.F.);
#2128 = EDGE_LOOP('',(#2129));
#2129 = ORIENTED_EDGE('',*,*,#2130,.F.);
#2130 = EDGE_CURVE('',#2131,#2131,#2133,.T.);
#2131 = VERTEX_POINT('',#2132);
#2132 = CARTESIAN_POINT('',(13.1,-14.,9.));
#2133 = CIRCLE('',#2134,2.5);
#2134 = AXIS2_PLACEMENT_3D('',#2135,#2136,#2137);
#2135 = CARTESIAN_POINT('',(10.6,-14.,9.));
#2136 = DIRECTION('',(-2.2E-16,-1.,0.));
#2137 = DIRECTION('',(1.,-2.2E-16,0.));
#2138 = PLANE('',#2139);
#2139 = AXIS2_PLACEMENT_3D('',#2140,#2141,#2142);
#2140 = CARTESIAN_POINT('',(10.6,-14.,9.));
#2141 = DIRECTION('',(-2.2E-16,-1.,0.));
#2142 = DIRECTION('',(1.,-2.2E-16,-0.));
#2143 = ADVANCED_FACE('',(#2144),#2163,.T.);
#2144 = FACE_BOUND('',#2145,.T.);
#2145 = EDGE_LOOP('',(#2146,#2155,#2161,#2162));
#2146 = ORIENTED_EDGE('',*,*,#2147,.T.);
#2147 = EDGE_CURVE('',#2148,#2148,#2150,.T.);
#2148 = VERTEX_POINT('',#2149);
#2149 = CARTESIAN_POINT('',(14.1,-11.,9.));
#2150 = CIRCLE('',#2151,3.5);
#2151 = AXIS2_PLACEMENT_3D('',#2152,#2153,#2154);
#2152 = CARTESIAN_POINT('',(10.6,-11.,9.));
#2153 = DIRECTION('',(-2.2E-16,-1.,0.));
#2154 = DIRECTION('',(1.,-2.2E-16,0.));
#2155 = ORIENTED_EDGE('',*,*,#2156,.T.);
#2156 = EDGE_CURVE('',#2148,#2131,#2157,.T.);
#2157 = LINE('',#2158,#2159);
#2158 = CARTESIAN_POINT('',(14.1,-11.,9.));
#2159 = VECTOR('',#2160,1.);
#2160 = DIRECTION('',(-0.316227766017,-0.948683298051,0.));
#2161 = ORIENTED_EDGE('',*,*,#2130,.F.);
#2162 = ORIENTED_EDGE('',*,*,#2156,.F.);
#2163 = CONICAL_SURFACE('',#2164,3.5,0.321750554397);
#2164 = AXIS2_PLACEMENT_3D('',#2165,#2166,#2167);
#2165 = CARTESIAN_POINT('',(10.6,-11.,9.));
#2166 = DIRECTION('',(2.2E-16,1.,-0.));
#2167 = DIRECTION('',(1.,-2.2E-16,0.));
#2168 = ADVANCED_FACE('',(#2169),#2188,.T.);
#2169 = FACE_BOUND('',#2170,.T.);
#2170 = EDGE_LOOP('',(#2171,#2180,#2186,#2187));
#2171 = ORIENTED_EDGE('',*,*,#2172,.T.);
#2172 = EDGE_CURVE('',#2173,#2173,#2175,.T.);
#2173 = VERTEX_POINT('',#2174);
#2174 = CARTESIAN_POINT('',(13.35,-10.37067527661,9.));
#2175 = CIRCLE('',#2176,2.75);
#2176 = AXIS2_PLACEMENT_3D('',#2177,#2178,#2179);
#2177 = CARTESIAN_POINT('',(10.6,-10.37067527661,9.));
#2178 = DIRECTION('',(-2.2E-16,-1.,0.));
#2179 = DIRECTION('',(1.,-2.2E-16,0.));
#2180 = ORIENTED_EDGE('',*,*,#2181,.T.);
#2181 = EDGE_CURVE('',#2173,#2148,#2182,.T.);
#2182 = LINE('',#2183,#2184);
#2183 = CARTESIAN_POINT('',(13.35,-10.37067527661,9.));
#2184 = VECTOR('',#2185,1.);
#2185 = DIRECTION('',(0.766044443119,-0.642787609687,0.));
#2186 = ORIENTED_EDGE('',*,*,#2147,.F.);
#2187 = ORIENTED_EDGE('',*,*,#2181,.F.);
#2188 = CONICAL_SURFACE('',#2189,2.75,0.872664625997);
#2189 = AXIS2_PLACEMENT_3D('',#2190,#2191,#2192);
#2190 = CARTESIAN_POINT('',(10.6,-10.37067527661,9.));
#2191 = DIRECTION('',(-2.2E-16,-1.,0.));
#2192 = DIRECTION('',(1.,-2.2E-16,0.));
#2193 = ADVANCED_FACE('',(#2194),#2213,.T.);
#2194 = FACE_BOUND('',#2195,.T.);
#2195 = EDGE_LOOP('',(#2196,#2205,#2211,#2212));
#2196 = ORIENTED_EDGE('',*,*,#2197,.T.);
#2197 = EDGE_CURVE('',#2198,#2198,#2200,.T.);
#2198 = VERTEX_POINT('',#2199);
#2199 = CARTESIAN_POINT('',(13.35,-9.,9.));
#2200 = CIRCLE('',#2201,2.75);
#2201 = AXIS2_PLACEMENT_3D('',#2202,#2203,#2204);
#2202 = CARTESIAN_POINT('',(10.6,-9.,9.));
#2203 = DIRECTION('',(-2.2E-16,-1.,0.));
#2204 = DIRECTION('',(1.,-2.2E-16,0.));
#2205 = ORIENTED_EDGE('',*,*,#2206,.T.);
#2206 = EDGE_CURVE('',#2198,#2173,#2207,.T.);
#2207 = LINE('',#2208,#2209);
#2208 = CARTESIAN_POINT('',(13.35,-9.,9.));
#2209 = VECTOR('',#2210,1.);
#2210 = DIRECTION('',(0.,-1.,0.));
#2211 = ORIENTED_EDGE('',*,*,#2172,.F.);
#2212 = ORIENTED_EDGE('',*,*,#2206,.F.);
#2213 = CYLINDRICAL_SURFACE('',#2214,2.75);
#2214 = AXIS2_PLACEMENT_3D('',#2215,#2216,#2217);
#2215 = CARTESIAN_POINT('',(10.6,-9.,9.));
#2216 = DIRECTION('',(-2.2E-16,-1.,0.));
#2217 = DIRECTION('',(1.,-2.2E-16,0.));
#2218 = ADVANCED_FACE('',(#2219),#2238,.T.);
#2219 = FACE_BOUND('',#2220,.T.);
#2220 = EDGE_LOOP('',(#2221,#2230,#2236,#2237));
#2221 = ORIENTED_EDGE('',*,*,#2222,.T.);
#2222 = EDGE_CURVE('',#2223,#2223,#2225,.T.);
#2223 = VERTEX_POINT('',#2224);
#2224 = CARTESIAN_POINT('',(14.1,-6.,9.));
#2225 = CIRCLE('',#2226,3.5);
#2226 = AXIS2_PLACEMENT_3D('',#2227,#2228,#2229);
#2227 = CARTESIAN_POINT('',(10.6,-6.,9.));
#2228 = DIRECTION('',(-2.2E-16,-1.,0.));
#2229 = DIRECTION('',(1.,-2.2E-16,0.));
#2230 = ORIENTED_EDGE('',*,*,#2231,.T.);
#2231 = EDGE_CURVE('',#2223,#2198,#2232,.T.);
#2232 = LINE('',#2233,#2234);
#2233 = CARTESIAN_POINT('',(14.1,-6.,9.));
#2234 = VECTOR('',#2235,1.);
#2235 = DIRECTION('',(-0.242535625036,-0.970142500145,0.));
#2236 = ORIENTED_EDGE('',*,*,#2197,.F.);
#2237 = ORIENTED_EDGE('',*,*,#2231,.F.);
#2238 = CONICAL_SURFACE('',#2239,3.5,0.244978663127);
#2239 = AXIS2_PLACEMENT_3D('',#2240,#2241,#2242);
#2240 = CARTESIAN_POINT('',(10.6,-6.,9.));
#2241 = DIRECTION('',(2.2E-16,1.,-0.));
#2242 = DIRECTION('',(1.,-2.2E-16,0.));
#2243 = ADVANCED_FACE('',(#2244),#2263,.T.);
#2244 = FACE_BOUND('',#2245,.T.);
#2245 = EDGE_LOOP('',(#2246,#2255,#2261,#2262));
#2246 = ORIENTED_EDGE('',*,*,#2247,.T.);
#2247 = EDGE_CURVE('',#2248,#2248,#2250,.T.);
#2248 = VERTEX_POINT('',#2249);
#2249 = CARTESIAN_POINT('',(13.6,-5.580450184411,9.));
#2250 = CIRCLE('',#2251,3.);
#2251 = AXIS2_PLACEMENT_3D('',#2252,#2253,#2254);
#2252 = CARTESIAN_POINT('',(10.6,-5.580450184411,9.));
#2253 = DIRECTION('',(-2.2E-16,-1.,0.));
#2254 = DIRECTION('',(1.,-2.2E-16,0.));
#2255 = ORIENTED_EDGE('',*,*,#2256,.T.);
#2256 = EDGE_CURVE('',#2248,#2223,#2257,.T.);
#2257 = LINE('',#2258,#2259);
#2258 = CARTESIAN_POINT('',(13.6,-5.580450184411,9.));
#2259 = VECTOR('',#2260,1.);
#2260 = DIRECTION('',(0.766044443119,-0.642787609687,0.));
#2261 = ORIENTED_EDGE('',*,*,#2222,.F.);
#2262 = ORIENTED_EDGE('',*,*,#2256,.F.);
#2263 = CONICAL_SURFACE('',#2264,3.,0.872664625997);
#2264 = AXIS2_PLACEMENT_3D('',#2265,#2266,#2267);
#2265 = CARTESIAN_POINT('',(10.6,-5.580450184411,9.));
#2266 = DIRECTION('',(-2.2E-16,-1.,0.));
#2267 = DIRECTION('',(1.,-2.2E-16,0.));
#2268 = ADVANCED_FACE('',(#2269),#2288,.T.);
#2269 = FACE_BOUND('',#2270,.T.);
#2270 = EDGE_LOOP('',(#2271,#2280,#2286,#2287));
#2271 = ORIENTED_EDGE('',*,*,#2272,.T.);
#2272 = EDGE_CURVE('',#2273,#2273,#2275,.T.);
#2273 = VERTEX_POINT('',#2274);
#2274 = CARTESIAN_POINT('',(13.6,-4.,9.));
#2275 = CIRCLE('',#2276,3.);
#2276 = AXIS2_PLACEMENT_3D('',#2277,#2278,#2279);
#2277 = CARTESIAN_POINT('',(10.6,-4.,9.));
#2278 = DIRECTION('',(-2.2E-16,-1.,0.));
#2279 = DIRECTION('',(1.,-2.2E-16,0.));
#2280 = ORIENTED_EDGE('',*,*,#2281,.T.);
#2281 = EDGE_CURVE('',#2273,#2248,#2282,.T.);
#2282 = LINE('',#2283,#2284);
#2283 = CARTESIAN_POINT('',(13.6,-4.,9.));
#2284 = VECTOR('',#2285,1.);
#2285 = DIRECTION('',(0.,-1.,0.));
#2286 = ORIENTED_EDGE('',*,*,#2247,.F.);
#2287 = ORIENTED_EDGE('',*,*,#2281,.F.);
#2288 = CYLINDRICAL_SURFACE('',#2289,3.);
#2289 = AXIS2_PLACEMENT_3D('',#2290,#2291,#2292);
#2290 = CARTESIAN_POINT('',(10.6,-4.,9.));
#2291 = DIRECTION('',(-2.2E-16,-1.,0.));
#2292 = DIRECTION('',(1.,-2.2E-16,0.));
#2293 = ADVANCED_FACE('',(#2294),#2305,.T.);
#2294 = FACE_BOUND('',#2295,.T.);
#2295 = EDGE_LOOP('',(#2296,#2297,#2303,#2304));
#2296 = ORIENTED_EDGE('',*,*,#2074,.T.);
#2297 = ORIENTED_EDGE('',*,*,#2298,.T.);
#2298 = EDGE_CURVE('',#2075,#2273,#2299,.T.);
#2299 = LINE('',#2300,#2301);
#2300 = CARTESIAN_POINT('',(15.6,0.,9.));
#2301 = VECTOR('',#2302,1.);
#2302 = DIRECTION('',(-0.4472135955,-0.894427191,0.));
#2303 = ORIENTED_EDGE('',*,*,#2272,.F.);
#2304 = ORIENTED_EDGE('',*,*,#2298,.F.);
#2305 = CONICAL_SURFACE('',#2306,5.,0.463647609001);
#2306 = AXIS2_PLACEMENT_3D('',#2307,#2308,#2309);
#2307 = CARTESIAN_POINT('',(10.6,0.,9.));
#2308 = DIRECTION('',(2.2E-16,1.,-0.));
#2309 = DIRECTION('',(1.,-2.2E-16,0.));
#2310 = ( GEOMETRIC_REPRESENTATION_CONTEXT(3) 
GLOBAL_UNCERTAINTY_ASSIGNED_CONTEXT((#2314)) 
GLOBAL_UNIT_ASSIGNED_CONTEXT((#2311,#2312,#2313)) REPRESENTATION_CONTEXT
('Context #1','3D Context with UNIT and UNCERTAINTY') );
#2311 = ( LENGTH_UNIT() NAMED_UNIT(*) SI_UNIT(.MILLI.,.METRE.) );
#2312 = ( NAMED_UNIT(*) PLANE_ANGLE_UNIT() SI_UNIT($,.RADIAN.) );
#2313 = ( NAMED_UNIT(*) SI_UNIT($,.STERADIAN.) SOLID_ANGLE_UNIT() );
#2314 = UNCERTAINTY_MEASURE_WITH_UNIT(LENGTH_MEASURE(1.E-07),#2311,
  'distance_accuracy_value','confusion accuracy');
#2315 = CONTEXT_DEPENDENT_SHAPE_REPRESENTATION(#2316,#2318);
#2316 = ( REPRESENTATION_RELATIONSHIP('','',#2067,#10) 
REPRESENTATION_RELATIONSHIP_WITH_TRANSFORMATION(#2317) 
SHAPE_REPRESENTATION_RELATIONSHIP() );
#2317 = ITEM_DEFINED_TRANSFORMATION('','',#11,#23);
#2318 = PRODUCT_DEFINITION_SHAPE('Placement','Placement of an item',
  #2319);
#2319 = NEXT_ASSEMBLY_USAGE_OCCURRENCE('3','connector','',#5,#2062,$);
#2320 = PRODUCT_RELATED_PRODUCT_CATEGORY('part',$,(#2064));
#2321 = SHAPE_DEFINITION_REPRESENTATION(#2322,#2328);
#2322 = PRODUCT_DEFINITION_SHAPE('','',#2323);
#2323 = PRODUCT_DEFINITION('design','',#2324,#2327);
#2324 = PRODUCT_DEFINITION_FORMATION('','',#2325);
#2325 = PRODUCT('end_cap','end_cap','',(#2326));
#2326 = PRODUCT_CONTEXT('',#2,'mechanical');
#2327 = PRODUCT_DEFINITION_CONTEXT('part definition',#2,'design');
#2328 = ADVANCED_BREP_SHAPE_REPRESENTATION('',(#11,#2329),#2859);
#2329 = MANIFOLD_SOLID_BREP('',#2330);
#2330 = CLOSED_SHELL('',(#2331,#2405,#2436,#2460,#2484,#2501,#2532,#2556
    ,#2580,#2597,#2628,#2652,#2676,#2693,#2705,#2751,#2782,#2806,#2830,
    #2847));
#2331 = ADVANCED_FACE('',(#2332,#2366),#2400,.T.);
#2332 = FACE_BOUND('',#2333,.T.);
#2333 = EDGE_LOOP('',(#2334,#2344,#2352,#2360));
#2334 = ORIENTED_EDGE('',*,*,#2335,.F.);
#2335 = EDGE_CURVE('',#2336,#2338,#2340,.T.);
#2336 = VERTEX_POINT('',#2337);
#2337 = CARTESIAN_POINT('',(0.4,0.4,0.));
#2338 = VERTEX_POINT('',#2339);
#2339 = CARTESIAN_POINT('',(20.8,0.4,0.));
#2340 = LINE('',#2341,#2342);
#2341 = CARTESIAN_POINT('',(0.8,0.4,0.));
#2342 = VECTOR('',#2343,1.);
#2343 = DIRECTION('',(1.,0.,0.));
#2344 = ORIENTED_EDGE('',*,*,#2345,.F.);
#2345 = EDGE_CURVE('',#2346,#2336,#2348,.T.);
#2346 = VERTEX_POINT('',#2347);
#2347 = CARTESIAN_POINT('',(0.4,12.8,0.));
#2348 = LINE('',#2349,#2350);
#2349 = CARTESIAN_POINT('',(0.4,12.4,0.));
#2350 = VECTOR('',#2351,1.);
#2351 = DIRECTION('',(0.,-1.,0.));
#2352 = ORIENTED_EDGE('',*,*,#2353,.F.);
#2353 = EDGE_CURVE('',#2354,#2346,#2356,.T.);
#2354 = VERTEX_POINT('',#2355);
#2355 = CARTESIAN_POINT('',(20.8,12.8,0.));
#2356 = LINE('',#2357,#2358);
#2357 = CARTESIAN_POINT('',(20.4,12.8,0.));
#2358 = VECTOR('',#2359,1.);
#2359 = DIRECTION('',(-1.,0.,0.));
#2360 = ORIENTED_EDGE('',*,*,#2361,.F.);
#2361 = EDGE_CURVE('',#2338,#2354,#2362,.T.);
#2362 = LINE('',#2363,#2364);
#2363 = CARTESIAN_POINT('',(20.8,0.8,0.));
#2364 = VECTOR('',#2365,1.);
#2365 = DIRECTION('',(0.,1.,0.));
#2366 = FACE_BOUND('',#2367,.T.);
#2367 = EDGE_LOOP('',(#2368,#2378,#2386,#2394));
#2368 = ORIENTED_EDGE('',*,*,#2369,.T.);
#2369 = EDGE_CURVE('',#2370,#2372,#2374,.T.);
#2370 = VERTEX_POINT('',#2371);
#2371 = CARTESIAN_POINT('',(0.,0.,0.));
#2372 = VERTEX_POINT('',#2373);
#2373 = CARTESIAN_POINT('',(21.2,0.,0.));
#2374 = LINE('',#2375,#2376);
#2375 = CARTESIAN_POINT('',(0.,0.,0.));
#2376 = VECTOR('',#2377,1.);
#2377 = DIRECTION('',(1.,0.,0.));
#2378 = ORIENTED_EDGE('',*,*,#2379,.T.);
#2379 = EDGE_CURVE('',#2372,#2380,#2382,.T.);
#2380 = VERTEX_POINT('',#2381);
#2381 = CARTESIAN_POINT('',(21.2,13.2,0.));
#2382 = LINE('',#2383,#2384);
#2383 = CARTESIAN_POINT('',(21.2,0.,0.));
#2384 = VECTOR('',#2385,1.);
#2385 = DIRECTION('',(0.,1.,0.));
#2386 = ORIENTED_EDGE('',*,*,#2387,.T.);
#2387 = EDGE_CURVE('',#2380,#2388,#2390,.T.);
#2388 = VERTEX_POINT('',#2389);
#2389 = CARTESIAN_POINT('',(0.,13.2,0.));
#2390 = LINE('',#2391,#2392);
#2391 = CARTESIAN_POINT('',(21.2,13.2,0.));
#2392 = VECTOR('',#2393,1.);
#2393 = DIRECTION('',(-1.,0.,0.));
#2394 = ORIENTED_EDGE('',*,*,#2395,.T.);
#2395 = EDGE_CURVE('',#2388,#2370,#2396,.T.);
#2396 = LINE('',#2397,#2398);
#2397 = CARTESIAN_POINT('',(0.,13.2,0.));
#2398 = VECTOR('',#2399,1.);
#2399 = DIRECTION('',(0.,-1.,0.));
#2400 = PLANE('',#2401);
#2401 = AXIS2_PLACEMENT_3D('',#2402,#2403,#2404);
#2402 = CARTESIAN_POINT('',(10.6,6.6,0.));
#2403 = DIRECTION('',(0.,0.,1.));
#2404 = DIRECTION('',(1.,0.,0.));
#2405 = ADVANCED_FACE('',(#2406),#2431,.T.);
#2406 = FACE_BOUND('',#2407,.T.);
#2407 = EDGE_LOOP('',(#2408,#2416,#2417,#2425));
#2408 = ORIENTED_EDGE('',*,*,#2409,.F.);
#2409 = EDGE_CURVE('',#2336,#2410,#2412,.T.);
#2410 = VERTEX_POINT('',#2411);
#2411 = CARTESIAN_POINT('',(0.8,0.8,-0.4));
#2412 = LINE('',#2413,#2414);
#2413 = CARTESIAN_POINT('',(2.6,2.6,-2.2));
#2414 = VECTOR('',#2415,1.);
#2415 = DIRECTION('',(0.57735026919,0.57735026919,-0.57735026919));
#2416 = ORIENTED_EDGE('',*,*,#2335,.T.);
#2417 = ORIENTED_EDGE('',*,*,#2418,.T.);
#2418 = EDGE_CURVE('',#2338,#2419,#2421,.T.);
#2419 = VERTEX_POINT('',#2420);
#2420 = CARTESIAN_POINT('',(20.4,0.8,-0.4));
#2421 = LINE('',#2422,#2423);
#2422 = CARTESIAN_POINT('',(17.266666666667,3.933333333333,
    -3.533333333333));
#2423 = VECTOR('',#2424,1.);
#2424 = DIRECTION('',(-0.57735026919,0.57735026919,-0.57735026919));
#2425 = ORIENTED_EDGE('',*,*,#2426,.F.);
#2426 = EDGE_CURVE('',#2410,#2419,#2427,.T.);
#2427 = LINE('',#2428,#2429);
#2428 = CARTESIAN_POINT('',(0.8,0.8,-0.4));
#2429 = VECTOR('',#2430,1.);
#2430 = DIRECTION('',(1.,0.,0.));
#2431 = PLANE('',#2432);
#2432 = AXIS2_PLACEMENT_3D('',#2433,#2434,#2435);
#2433 = CARTESIAN_POINT('',(0.8,0.6,-0.2));
#2434 = DIRECTION('',(0.,0.707106781187,0.707106781187));
#2435 = DIRECTION('',(1.,0.,0.));
#2436 = ADVANCED_FACE('',(#2437),#2455,.T.);
#2437 = FACE_BOUND('',#2438,.T.);
#2438 = EDGE_LOOP('',(#2439,#2447,#2448,#2449));
#2439 = ORIENTED_EDGE('',*,*,#2440,.F.);
#2440 = EDGE_CURVE('',#2346,#2441,#2443,.T.);
#2441 = VERTEX_POINT('',#2442);
#2442 = CARTESIAN_POINT('',(0.8,12.4,-0.4));
#2443 = LINE('',#2444,#2445);
#2444 = CARTESIAN_POINT('',(3.933333333333,9.266666666667,
    -3.533333333333));
#2445 = VECTOR('',#2446,1.);
#2446 = DIRECTION('',(0.57735026919,-0.57735026919,-0.57735026919));
#2447 = ORIENTED_EDGE('',*,*,#2345,.T.);
#2448 = ORIENTED_EDGE('',*,*,#2409,.T.);
#2449 = ORIENTED_EDGE('',*,*,#2450,.F.);
#2450 = EDGE_CURVE('',#2441,#2410,#2451,.T.);
#2451 = LINE('',#2452,#2453);
#2452 = CARTESIAN_POINT('',(0.8,12.4,-0.4));
#2453 = VECTOR('',#2454,1.);
#2454 = DIRECTION('',(0.,-1.,0.));
#2455 = PLANE('',#2456);
#2456 = AXIS2_PLACEMENT_3D('',#2457,#2458,#2459);
#2457 = CARTESIAN_POINT('',(0.6,12.4,-0.2));
#2458 = DIRECTION('',(0.707106781187,0.,0.707106781187));
#2459 = DIRECTION('',(0.,-1.,0.));
#2460 = ADVANCED_FACE('',(#2461),#2479,.T.);
#2461 = FACE_BOUND('',#2462,.T.);
#2462 = EDGE_LOOP('',(#2463,#2464,#2465,#2473));
#2463 = ORIENTED_EDGE('',*,*,#2418,.F.);
#2464 = ORIENTED_EDGE('',*,*,#2361,.T.);
#2465 = ORIENTED_EDGE('',*,*,#2466,.T.);
#2466 = EDGE_CURVE('',#2354,#2467,#2469,.T.);
#2467 = VERTEX_POINT('',#2468);
#2468 = CARTESIAN_POINT('',(20.4,12.4,-0.4));
#2469 = LINE('',#2470,#2471);
#2470 = CARTESIAN_POINT('',(18.6,10.6,-2.2));
#2471 = VECTOR('',#2472,1.);
#2472 = DIRECTION('',(-0.57735026919,-0.57735026919,-0.57735026919));
#2473 = ORIENTED_EDGE('',*,*,#2474,.F.);
#2474 = EDGE_CURVE('',#2419,#2467,#2475,.T.);
#2475 = LINE('',#2476,#2477);
#2476 = CARTESIAN_POINT('',(20.4,0.8,-0.4));
#2477 = VECTOR('',#2478,1.);
#2478 = DIRECTION('',(0.,1.,0.));
#2479 = PLANE('',#2480);
#2480 = AXIS2_PLACEMENT_3D('',#2481,#2482,#2483);
#2481 = CARTESIAN_POINT('',(20.6,0.8,-0.2));
#2482 = DIRECTION('',(-0.707106781187,1.E-17,0.707106781187));
#2483 = DIRECTION('',(7.071067811865E-18,1.,-7.071067811865E-18));
#2484 = ADVANCED_FACE('',(#2485),#2496,.T.);
#2485 = FACE_BOUND('',#2486,.T.);
#2486 = EDGE_LOOP('',(#2487,#2488,#2489,#2490));
#2487 = ORIENTED_EDGE('',*,*,#2466,.F.);
#2488 = ORIENTED_EDGE('',*,*,#2353,.T.);
#2489 = ORIENTED_EDGE('',*,*,#2440,.T.);
#2490 = ORIENTED_EDGE('',*,*,#2491,.F.);
#2491 = EDGE_CURVE('',#2467,#2441,#2492,.T.);
#2492 = LINE('',#2493,#2494);
#2493 = CARTESIAN_POINT('',(20.4,12.4,-0.4));
#2494 = VECTOR('',#2495,1.);
#2495 = DIRECTION('',(-1.,0.,0.));
#2496 = PLANE('',#2497);
#2497 = AXIS2_PLACEMENT_3D('',#2498,#2499,#2500);
#2498 = CARTESIAN_POINT('',(20.4,12.6,-0.2));
#2499 = DIRECTION('',(0.,-0.707106781187,0.707106781187));
#2500 = DIRECTION('',(-1.,0.,0.));
#2501 = ADVANCED_FACE('',(#2502),#2527,.T.);
#2502 = FACE_BOUND('',#2503,.T.);
#2503 = EDGE_LOOP('',(#2504,#2514,#2520,#2521));
#2504 = ORIENTED_EDGE('',*,*,#2505,.T.);
#2505 = EDGE_CURVE('',#2506,#2508,#2510,.T.);
#2506 = VERTEX_POINT('',#2507);
#2507 = CARTESIAN_POINT('',(0.,0.,-15.6));
#2508 = VERTEX_POINT('',#2509);
#2509 = CARTESIAN_POINT('',(21.2,0.,-15.6));
#2510 = LINE('',#2511,#2512);
#2511 = CARTESIAN_POINT('',(0.,0.,-15.6));
#2512 = VECTOR('',#2513,1.);
#2513 = DIRECTION('',(1.,0.,0.));
#2514 = ORIENTED_EDGE('',*,*,#2515,.F.);
#2515 = EDGE_CURVE('',#2372,#2508,#2516,.T.);
#2516 = LINE('',#2517,#2518);
#2517 = CARTESIAN_POINT('',(21.2,0.,-4.));
#2518 = VECTOR('',#2519,1.);
#2519 = DIRECTION('',(-0.,-0.,-1.));
#2520 = ORIENTED_EDGE('',*,*,#2369,.F.);
#2521 = ORIENTED_EDGE('',*,*,#2522,.F.);
#2522 = EDGE_CURVE('',#2506,#2370,#2523,.T.);
#2523 = LINE('',#2524,#2525);
#2524 = CARTESIAN_POINT('',(0.,0.,-4.));
#2525 = VECTOR('',#2526,1.);
#2526 = DIRECTION('',(0.,0.,1.));
#2527 = PLANE('',#2528);
#2528 = AXIS2_PLACEMENT_3D('',#2529,#2530,#2531);
#2529 = CARTESIAN_POINT('',(10.6,0.,-7.8));
#2530 = DIRECTION('',(-0.,-1.,-0.));
#2531 = DIRECTION('',(0.,0.,-1.));
#2532 = ADVANCED_FACE('',(#2533),#2551,.T.);
#2533 = FACE_BOUND('',#2534,.T.);
#2534 = EDGE_LOOP('',(#2535,#2536,#2544,#2550));
#2535 = ORIENTED_EDGE('',*,*,#2515,.T.);
#2536 = ORIENTED_EDGE('',*,*,#2537,.T.);
#2537 = EDGE_CURVE('',#2508,#2538,#2540,.T.);
#2538 = VERTEX_POINT('',#2539);
#2539 = CARTESIAN_POINT('',(21.2,13.2,-15.6));
#2540 = LINE('',#2541,#2542);
#2541 = CARTESIAN_POINT('',(21.2,0.,-15.6));
#2542 = VECTOR('',#2543,1.);
#2543 = DIRECTION('',(0.,1.,0.));
#2544 = ORIENTED_EDGE('',*,*,#2545,.F.);
#2545 = EDGE_CURVE('',#2380,#2538,#2546,.T.);
#2546 = LINE('',#2547,#2548);
#2547 = CARTESIAN_POINT('',(21.2,13.2,-4.));
#2548 = VECTOR('',#2549,1.);
#2549 = DIRECTION('',(-0.,-0.,-1.));
#2550 = ORIENTED_EDGE('',*,*,#2379,.F.);
#2551 = PLANE('',#2552);
#2552 = AXIS2_PLACEMENT_3D('',#2553,#2554,#2555);
#2553 = CARTESIAN_POINT('',(21.2,6.6,-7.8));
#2554 = DIRECTION('',(1.,0.,0.));
#2555 = DIRECTION('',(0.,0.,1.));
#2556 = ADVANCED_FACE('',(#2557),#2575,.T.);
#2557 = FACE_BOUND('',#2558,.T.);
#2558 = EDGE_LOOP('',(#2559,#2560,#2568,#2574));
#2559 = ORIENTED_EDGE('',*,*,#2545,.T.);
#2560 = ORIENTED_EDGE('',*,*,#2561,.T.);
#2561 = EDGE_CURVE('',#2538,#2562,#2564,.T.);
#2562 = VERTEX_POINT('',#2563);
#2563 = CARTESIAN_POINT('',(0.,13.2,-15.6));
#2564 = LINE('',#2565,#2566);
#2565 = CARTESIAN_POINT('',(21.2,13.2,-15.6));
#2566 = VECTOR('',#2567,1.);
#2567 = DIRECTION('',(-1.,0.,0.));
#2568 = ORIENTED_EDGE('',*,*,#2569,.T.);
#2569 = EDGE_CURVE('',#2562,#2388,#2570,.T.);
#2570 = LINE('',#2571,#2572);
#2571 = CARTESIAN_POINT('',(0.,13.2,-4.));
#2572 = VECTOR('',#2573,1.);
#2573 = DIRECTION('',(0.,0.,1.));
#2574 = ORIENTED_EDGE('',*,*,#2387,.F.);
#2575 = PLANE('',#2576);
#2576 = AXIS2_PLACEMENT_3D('',#2577,#2578,#2579);
#2577 = CARTESIAN_POINT('',(10.6,13.2,-7.8));
#2578 = DIRECTION('',(0.,1.,0.));
#2579 = DIRECTION('',(0.,0.,1.));
#2580 = ADVANCED_FACE('',(#2581),#2592,.T.);
#2581 = FACE_BOUND('',#2582,.T.);
#2582 = EDGE_LOOP('',(#2583,#2589,#2590,#2591));
#2583 = ORIENTED_EDGE('',*,*,#2584,.T.);
#2584 = EDGE_CURVE('',#2562,#2506,#2585,.T.);
#2585 = LINE('',#2586,#2587);
#2586 = CARTESIAN_POINT('',(0.,13.2,-15.6));
#2587 = VECTOR('',#2588,1.);
#2588 = DIRECTION('',(0.,-1.,0.));
#2589 = ORIENTED_EDGE('',*,*,#2522,.T.);
#2590 = ORIENTED_EDGE('',*,*,#2395,.F.);
#2591 = ORIENTED_EDGE('',*,*,#2569,.F.);
#2592 = PLANE('',#2593);
#2593 = AXIS2_PLACEMENT_3D('',#2594,#2595,#2596);
#2594 = CARTESIAN_POINT('',(0.,6.6,-7.8));
#2595 = DIRECTION('',(-1.,-0.,-0.));
#2596 = DIRECTION('',(0.,0.,-1.));
#2597 = ADVANCED_FACE('',(#2598),#2623,.T.);
#2598 = FACE_BOUND('',#2599,.T.);
#2599 = EDGE_LOOP('',(#2600,#2608,#2609,#2617));
#2600 = ORIENTED_EDGE('',*,*,#2601,.T.);
#2601 = EDGE_CURVE('',#2602,#2410,#2604,.T.);
#2602 = VERTEX_POINT('',#2603);
#2603 = CARTESIAN_POINT('',(0.8,0.8,-4.));
#2604 = LINE('',#2605,#2606);
#2605 = CARTESIAN_POINT('',(0.8,0.8,-4.));
#2606 = VECTOR('',#2607,1.);
#2607 = DIRECTION('',(0.,0.,1.));
#2608 = ORIENTED_EDGE('',*,*,#2426,.T.);
#2609 = ORIENTED_EDGE('',*,*,#2610,.F.);
#2610 = EDGE_CURVE('',#2611,#2419,#2613,.T.);
#2611 = VERTEX_POINT('',#2612);
#2612 = CARTESIAN_POINT('',(20.4,0.8,-4.));
#2613 = LINE('',#2614,#2615);
#2614 = CARTESIAN_POINT('',(20.4,0.8,-4.));
#2615 = VECTOR('',#2616,1.);
#2616 = DIRECTION('',(0.,0.,1.));
#2617 = ORIENTED_EDGE('',*,*,#2618,.F.);
#2618 = EDGE_CURVE('',#2602,#2611,#2619,.T.);
#2619 = LINE('',#2620,#2621);
#2620 = CARTESIAN_POINT('',(0.8,0.8,-4.));
#2621 = VECTOR('',#2622,1.);
#2622 = DIRECTION('',(1.,0.,0.));
#2623 = PLANE('',#2624);
#2624 = AXIS2_PLACEMENT_3D('',#2625,#2626,#2627);
#2625 = CARTESIAN_POINT('',(0.8,0.8,-4.));
#2626 = DIRECTION('',(0.,1.,0.));
#2627 = DIRECTION('',(1.,0.,0.));
#2628 = ADVANCED_FACE('',(#2629),#2647,.T.);
#2629 = FACE_BOUND('',#2630,.T.);
#2630 = EDGE_LOOP('',(#2631,#2639,#2640,#2641));
#2631 = ORIENTED_EDGE('',*,*,#2632,.T.);
#2632 = EDGE_CURVE('',#2633,#2441,#2635,.T.);
#2633 = VERTEX_POINT('',#2634);
#2634 = CARTESIAN_POINT('',(0.8,12.4,-4.));
#2635 = LINE('',#2636,#2637);
#2636 = CARTESIAN_POINT('',(0.8,12.4,-4.));
#2637 = VECTOR('',#2638,1.);
#2638 = DIRECTION('',(0.,0.,1.));
#2639 = ORIENTED_EDGE('',*,*,#2450,.T.);
#2640 = ORIENTED_EDGE('',*,*,#2601,.F.);
#2641 = ORIENTED_EDGE('',*,*,#2642,.F.);
#2642 = EDGE_CURVE('',#2633,#2602,#2643,.T.);
#2643 = LINE('',#2644,#2645);
#2644 = CARTESIAN_POINT('',(0.8,12.4,-4.));
#2645 = VECTOR('',#2646,1.);
#2646 = DIRECTION('',(0.,-1.,0.));
#2647 = PLANE('',#2648);
#2648 = AXIS2_PLACEMENT_3D('',#2649,#2650,#2651);
#2649 = CARTESIAN_POINT('',(0.8,12.4,-4.));
#2650 = DIRECTION('',(1.,0.,0.));
#2651 = DIRECTION('',(0.,-1.,0.));
#2652 = ADVANCED_FACE('',(#2653),#2671,.T.);
#2653 = FACE_BOUND('',#2654,.T.);
#2654 = EDGE_LOOP('',(#2655,#2656,#2657,#2665));
#2655 = ORIENTED_EDGE('',*,*,#2610,.T.);
#2656 = ORIENTED_EDGE('',*,*,#2474,.T.);
#2657 = ORIENTED_EDGE('',*,*,#2658,.F.);
#2658 = EDGE_CURVE('',#2659,#2467,#2661,.T.);
#2659 = VERTEX_POINT('',#2660);
#2660 = CARTESIAN_POINT('',(20.4,12.4,-4.));
#2661 = LINE('',#2662,#2663);
#2662 = CARTESIAN_POINT('',(20.4,12.4,-4.));
#2663 = VECTOR('',#2664,1.);
#2664 = DIRECTION('',(0.,0.,1.));
#2665 = ORIENTED_EDGE('',*,*,#2666,.F.);
#2666 = EDGE_CURVE('',#2611,#2659,#2667,.T.);
#2667 = LINE('',#2668,#2669);
#2668 = CARTESIAN_POINT('',(20.4,0.8,-4.));
#2669 = VECTOR('',#2670,1.);
#2670 = DIRECTION('',(0.,1.,0.));
#2671 = PLANE('',#2672);
#2672 = AXIS2_PLACEMENT_3D('',#2673,#2674,#2675);
#2673 = CARTESIAN_POINT('',(20.4,0.8,-4.));
#2674 = DIRECTION('',(-1.,0.,0.));
#2675 = DIRECTION('',(0.,1.,0.));
#2676 = ADVANCED_FACE('',(#2677),#2688,.T.);
#2677 = FACE_BOUND('',#2678,.T.);
#2678 = EDGE_LOOP('',(#2679,#2680,#2681,#2682));
#2679 = ORIENTED_EDGE('',*,*,#2658,.T.);
#2680 = ORIENTED_EDGE('',*,*,#2491,.T.);
#2681 = ORIENTED_EDGE('',*,*,#2632,.F.);
#2682 = ORIENTED_EDGE('',*,*,#2683,.F.);
#2683 = EDGE_CURVE('',#2659,#2633,#2684,.T.);
#2684 = LINE('',#2685,#2686);
#2685 = CARTESIAN_POINT('',(20.4,12.4,-4.));
#2686 = VECTOR('',#2687,1.);
#2687 = DIRECTION('',(-1.,0.,0.));
#2688 = PLANE('',#2689);
#2689 = AXIS2_PLACEMENT_3D('',#2690,#2691,#2692);
#2690 = CARTESIAN_POINT('',(20.4,12.4,-4.));
#2691 = DIRECTION('',(0.,-1.,0.));
#2692 = DIRECTION('',(-1.,0.,0.));
#2693 = ADVANCED_FACE('',(#2694),#2700,.F.);
#2694 = FACE_BOUND('',#2695,.F.);
#2695 = EDGE_LOOP('',(#2696,#2697,#2698,#2699));
#2696 = ORIENTED_EDGE('',*,*,#2505,.T.);
#2697 = ORIENTED_EDGE('',*,*,#2537,.T.);
#2698 = ORIENTED_EDGE('',*,*,#2561,.T.);
#2699 = ORIENTED_EDGE('',*,*,#2584,.T.);
#2700 = PLANE('',#2701);
#2701 = AXIS2_PLACEMENT_3D('',#2702,#2703,#2704);
#2702 = CARTESIAN_POINT('',(10.6,6.6,-15.6));
#2703 = DIRECTION('',(0.,0.,1.));
#2704 = DIRECTION('',(1.,0.,0.));
#2705 = ADVANCED_FACE('',(#2706,#2712),#2746,.T.);
#2706 = FACE_BOUND('',#2707,.T.);
#2707 = EDGE_LOOP('',(#2708,#2709,#2710,#2711));
#2708 = ORIENTED_EDGE('',*,*,#2642,.T.);
#2709 = ORIENTED_EDGE('',*,*,#2618,.T.);
#2710 = ORIENTED_EDGE('',*,*,#2666,.T.);
#2711 = ORIENTED_EDGE('',*,*,#2683,.T.);
#2712 = FACE_BOUND('',#2713,.T.);
#2713 = EDGE_LOOP('',(#2714,#2724,#2732,#2740));
#2714 = ORIENTED_EDGE('',*,*,#2715,.F.);
#2715 = EDGE_CURVE('',#2716,#2718,#2720,.T.);
#2716 = VERTEX_POINT('',#2717);
#2717 = CARTESIAN_POINT('',(1.6,1.6,-4.));
#2718 = VERTEX_POINT('',#2719);
#2719 = CARTESIAN_POINT('',(19.6,1.6,-4.));
#2720 = LINE('',#2721,#2722);
#2721 = CARTESIAN_POINT('',(1.6,1.6,-4.));
#2722 = VECTOR('',#2723,1.);
#2723 = DIRECTION('',(1.,0.,0.));
#2724 = ORIENTED_EDGE('',*,*,#2725,.F.);
#2725 = EDGE_CURVE('',#2726,#2716,#2728,.T.);
#2726 = VERTEX_POINT('',#2727);
#2727 = CARTESIAN_POINT('',(1.6,11.6,-4.));
#2728 = LINE('',#2729,#2730);
#2729 = CARTESIAN_POINT('',(1.6,11.6,-4.));
#2730 = VECTOR('',#2731,1.);
#2731 = DIRECTION('',(0.,-1.,0.));
#2732 = ORIENTED_EDGE('',*,*,#2733,.F.);
#2733 = EDGE_CURVE('',#2734,#2726,#2736,.T.);
#2734 = VERTEX_POINT('',#2735);
#2735 = CARTESIAN_POINT('',(19.6,11.6,-4.));
#2736 = LINE('',#2737,#2738);
#2737 = CARTESIAN_POINT('',(19.6,11.6,-4.));
#2738 = VECTOR('',#2739,1.);
#2739 = DIRECTION('',(-1.,0.,0.));
#2740 = ORIENTED_EDGE('',*,*,#2741,.F.);
#2741 = EDGE_CURVE('',#2718,#2734,#2742,.T.);
#2742 = LINE('',#2743,#2744);
#2743 = CARTESIAN_POINT('',(19.6,1.6,-4.));
#2744 = VECTOR('',#2745,1.);
#2745 = DIRECTION('',(0.,1.,0.));
#2746 = PLANE('',#2747);
#2747 = AXIS2_PLACEMENT_3D('',#2748,#2749,#2750);
#2748 = CARTESIAN_POINT('',(10.6,6.6,-4.));
#2749 = DIRECTION('',(0.,0.,1.));
#2750 = DIRECTION('',(1.,0.,0.));
#2751 = ADVANCED_FACE('',(#2752),#2777,.F.);
#2752 = FACE_BOUND('',#2753,.F.);
#2753 = EDGE_LOOP('',(#2754,#2762,#2770,#2776));
#2754 = ORIENTED_EDGE('',*,*,#2755,.T.);
#2755 = EDGE_CURVE('',#2716,#2756,#2758,.T.);
#2756 = VERTEX_POINT('',#2757);
#2757 = CARTESIAN_POINT('',(1.6,1.6,-14.));
#2758 = LINE('',#2759,#2760);
#2759 = CARTESIAN_POINT('',(1.6,1.6,-4.));
#2760 = VECTOR('',#2761,1.);
#2761 = DIRECTION('',(-0.,-0.,-1.));
#2762 = ORIENTED_EDGE('',*,*,#2763,.T.);
#2763 = EDGE_CURVE('',#2756,#2764,#2766,.T.);
#2764 = VERTEX_POINT('',#2765);
#2765 = CARTESIAN_POINT('',(19.6,1.6,-14.));
#2766 = LINE('',#2767,#2768);
#2767 = CARTESIAN_POINT('',(1.6,1.6,-14.));
#2768 = VECTOR('',#2769,1.);
#2769 = DIRECTION('',(1.,0.,0.));
#2770 = ORIENTED_EDGE('',*,*,#2771,.F.);
#2771 = EDGE_CURVE('',#2718,#2764,#2772,.T.);
#2772 = LINE('',#2773,#2774);
#2773 = CARTESIAN_POINT('',(19.6,1.6,-4.));
#2774 = VECTOR('',#2775,1.);
#2775 = DIRECTION('',(-0.,-0.,-1.));
#2776 = ORIENTED_EDGE('',*,*,#2715,.F.);
#2777 = PLANE('',#2778);
#2778 = AXIS2_PLACEMENT_3D('',#2779,#2780,#2781);
#2779 = CARTESIAN_POINT('',(1.6,1.6,-4.));
#2780 = DIRECTION('',(0.,-1.,0.));
#2781 = DIRECTION('',(1.,0.,0.));
#2782 = ADVANCED_FACE('',(#2783),#2801,.F.);
#2783 = FACE_BOUND('',#2784,.F.);
#2784 = EDGE_LOOP('',(#2785,#2786,#2794,#2800));
#2785 = ORIENTED_EDGE('',*,*,#2771,.T.);
#2786 = ORIENTED_EDGE('',*,*,#2787,.T.);
#2787 = EDGE_CURVE('',#2764,#2788,#2790,.T.);
#2788 = VERTEX_POINT('',#2789);
#2789 = CARTESIAN_POINT('',(19.6,11.6,-14.));
#2790 = LINE('',#2791,#2792);
#2791 = CARTESIAN_POINT('',(19.6,1.6,-14.));
#2792 = VECTOR('',#2793,1.);
#2793 = DIRECTION('',(0.,1.,0.));
#2794 = ORIENTED_EDGE('',*,*,#2795,.F.);
#2795 = EDGE_CURVE('',#2734,#2788,#2796,.T.);
#2796 = LINE('',#2797,#2798);
#2797 = CARTESIAN_POINT('',(19.6,11.6,-4.));
#2798 = VECTOR('',#2799,1.);
#2799 = DIRECTION('',(-0.,-0.,-1.));
#2800 = ORIENTED_EDGE('',*,*,#2741,.F.);
#2801 = PLANE('',#2802);
#2802 = AXIS2_PLACEMENT_3D('',#2803,#2804,#2805);
#2803 = CARTESIAN_POINT('',(19.6,1.6,-4.));
#2804 = DIRECTION('',(1.,0.,0.));
#2805 = DIRECTION('',(-0.,1.,0.));
#2806 = ADVANCED_FACE('',(#2807),#2825,.F.);
#2807 = FACE_BOUND('',#2808,.F.);
#2808 = EDGE_LOOP('',(#2809,#2810,#2818,#2824));
#2809 = ORIENTED_EDGE('',*,*,#2795,.T.);
#2810 = ORIENTED_EDGE('',*,*,#2811,.T.);
#2811 = EDGE_CURVE('',#2788,#2812,#2814,.T.);
#2812 = VERTEX_POINT('',#2813);
#2813 = CARTESIAN_POINT('',(1.6,11.6,-14.));
#2814 = LINE('',#2815,#2816);
#2815 = CARTESIAN_POINT('',(19.6,11.6,-14.));
#2816 = VECTOR('',#2817,1.);
#2817 = DIRECTION('',(-1.,0.,0.));
#2818 = ORIENTED_EDGE('',*,*,#2819,.F.);
#2819 = EDGE_CURVE('',#2726,#2812,#2820,.T.);
#2820 = LINE('',#2821,#2822);
#2821 = CARTESIAN_POINT('',(1.6,11.6,-4.));
#2822 = VECTOR('',#2823,1.);
#2823 = DIRECTION('',(-0.,-0.,-1.));
#2824 = ORIENTED_EDGE('',*,*,#2733,.F.);
#2825 = PLANE('',#2826);
#2826 = AXIS2_PLACEMENT_3D('',#2827,#2828,#2829);
#2827 = CARTESIAN_POINT('',(19.6,11.6,-4.));
#2828 = DIRECTION('',(0.,1.,0.));
#2829 = DIRECTION('',(-1.,0.,0.));
#2830 = ADVANCED_FACE('',(#2831),#2842,.F.);
#2831 = FACE_BOUND('',#2832,.F.);
#2832 = EDGE_LOOP('',(#2833,#2834,#2840,#2841));
#2833 = ORIENTED_EDGE('',*,*,#2819,.T.);
#2834 = ORIENTED_EDGE('',*,*,#2835,.T.);
#2835 = EDGE_CURVE('',#2812,#2756,#2836,.T.);
#2836 = LINE('',#2837,#2838);
#2837 = CARTESIAN_POINT('',(1.6,11.6,-14.));
#2838 = VECTOR('',#2839,1.);
#2839 = DIRECTION('',(0.,-1.,0.));
#2840 = ORIENTED_EDGE('',*,*,#2755,.F.);
#2841 = ORIENTED_EDGE('',*,*,#2725,.F.);
#2842 = PLANE('',#2843);
#2843 = AXIS2_PLACEMENT_3D('',#2844,#2845,#2846);
#2844 = CARTESIAN_POINT('',(1.6,11.6,-4.));
#2845 = DIRECTION('',(-1.,0.,0.));
#2846 = DIRECTION('',(0.,-1.,0.));
#2847 = ADVANCED_FACE('',(#2848),#2854,.T.);
#2848 = FACE_BOUND('',#2849,.T.);
#2849 = EDGE_LOOP('',(#2850,#2851,#2852,#2853));
#2850 = ORIENTED_EDGE('',*,*,#2763,.T.);
#2851 = ORIENTED_EDGE('',*,*,#2787,.T.);
#2852 = ORIENTED_EDGE('',*,*,#2811,.T.);
#2853 = ORIENTED_EDGE('',*,*,#2835,.T.);
#2854 = PLANE('',#2855);
#2855 = AXIS2_PLACEMENT_3D('',#2856,#2857,#2858);
#2856 = CARTESIAN_POINT('',(10.6,6.6,-14.));
#2857 = DIRECTION('',(0.,0.,1.));
#2858 = DIRECTION('',(1.,0.,0.));
#2859 = ( GEOMETRIC_REPRESENTATION_CONTEXT(3) 
GLOBAL_UNCERTAINTY_ASSIGNED_CONTEXT((#2863)) 
GLOBAL_UNIT_ASSIGNED_CONTEXT((#2860,#2861,#2862)) REPRESENTATION_CONTEXT
('Context #1','3D Context with UNIT and UNCERTAINTY') );
#2860 = ( LENGTH_UNIT() NAMED_UNIT(*) SI_UNIT(.MILLI.,.METRE.) );
#2861 = ( NAMED_UNIT(*) PLANE_ANGLE_UNIT() SI_UNIT($,.RADIAN.) );
#2862 = ( NAMED_UNIT(*) SI_UNIT($,.STERADIAN.) SOLID_ANGLE_UNIT() );
#2863 = UNCERTAINTY_MEASURE_WITH_UNIT(LENGTH_MEASURE(1.E-07),#2860,
  'distance_accuracy_value','confusion accuracy');
#2864 = CONTEXT_DEPENDENT_SHAPE_REPRESENTATION(#2865,#2867);
#2865 = ( REPRESENTATION_RELATIONSHIP('','',#2328,#10) 
REPRESENTATION_RELATIONSHIP_WITH_TRANSFORMATION(#2866) 
SHAPE_REPRESENTATION_RELATIONSHIP() );
#2866 = ITEM_DEFINED_TRANSFORMATION('','',#11,#27);
#2867 = PRODUCT_DEFINITION_SHAPE('Placement','Placement of an item',
  #2868);
#2868 = NEXT_ASSEMBLY_USAGE_OCCURRENCE('4','end_cap','',#5,#2323,$);
#2869 = PRODUCT_RELATED_PRODUCT_CATEGORY('part',$,(#2325));
#2870 = SHAPE_DEFINITION_REPRESENTATION(#2871,#2877);
#2871 = PRODUCT_DEFINITION_SHAPE('','',#2872);
#2872 = PRODUCT_DEFINITION('design','',#2873,#2876);
#2873 = PRODUCT_DEFINITION_FORMATION('','',#2874);
#2874 = PRODUCT('in_cap','in_cap','',(#2875));
#2875 = PRODUCT_CONTEXT('',#2,'mechanical');
#2876 = PRODUCT_DEFINITION_CONTEXT('part definition',#2,'design');
#2877 = ADVANCED_BREP_SHAPE_REPRESENTATION('',(#11,#2878),#3247);
#2878 = MANIFOLD_SOLID_BREP('',#2879);
#2879 = CLOSED_SHELL('',(#2880,#2920,#2951,#2982,#3019,#3036,#3062,#3087
    ,#3112,#3137,#3162,#3195,#3215,#3232));
#2880 = ADVANCED_FACE('',(#2881),#2915,.T.);
#2881 = FACE_BOUND('',#2882,.T.);
#2882 = EDGE_LOOP('',(#2883,#2893,#2901,#2909));
#2883 = ORIENTED_EDGE('',*,*,#2884,.T.);
#2884 = EDGE_CURVE('',#2885,#2887,#2889,.T.);
#2885 = VERTEX_POINT('',#2886);
#2886 = CARTESIAN_POINT('',(0.8,0.8,110.));
#2887 = VERTEX_POINT('',#2888);
#2888 = CARTESIAN_POINT('',(0.8,0.8,106.));
#2889 = LINE('',#2890,#2891);
#2890 = CARTESIAN_POINT('',(0.8,0.8,110.));
#2891 = VECTOR('',#2892,1.);
#2892 = DIRECTION('',(-0.,-0.,-1.));
#2893 = ORIENTED_EDGE('',*,*,#2894,.T.);
#2894 = EDGE_CURVE('',#2887,#2895,#2897,.T.);
#2895 = VERTEX_POINT('',#2896);
#2896 = CARTESIAN_POINT('',(20.4,0.8,106.));
#2897 = LINE('',#2898,#2899);
#2898 = CARTESIAN_POINT('',(0.8,0.8,106.));
#2899 = VECTOR('',#2900,1.);
#2900 = DIRECTION('',(1.,0.,0.));
#2901 = ORIENTED_EDGE('',*,*,#2902,.F.);
#2902 = EDGE_CURVE('',#2903,#2895,#2905,.T.);
#2903 = VERTEX_POINT('',#2904);
#2904 = CARTESIAN_POINT('',(20.4,0.8,110.));
#2905 = LINE('',#2906,#2907);
#2906 = CARTESIAN_POINT('',(20.4,0.8,110.));
#2907 = VECTOR('',#2908,1.);
#2908 = DIRECTION('',(-0.,-0.,-1.));
#2909 = ORIENTED_EDGE('',*,*,#2910,.F.);
#2910 = EDGE_CURVE('',#2885,#2903,#2911,.T.);
#2911 = LINE('',#2912,#2913);
#2912 = CARTESIAN_POINT('',(0.8,0.8,110.));
#2913 = VECTOR('',#2914,1.);
#2914 = DIRECTION('',(1.,0.,0.));
#2915 = PLANE('',#2916);
#2916 = AXIS2_PLACEMENT_3D('',#2917,#2918,#2919);
#2917 = CARTESIAN_POINT('',(0.8,0.8,110.));
#2918 = DIRECTION('',(0.,-1.,0.));
#2919 = DIRECTION('',(1.,0.,0.));
#2920 = ADVANCED_FACE('',(#2921),#2946,.T.);
#2921 = FACE_BOUND('',#2922,.T.);
#2922 = EDGE_LOOP('',(#2923,#2933,#2939,#2940));
#2923 = ORIENTED_EDGE('',*,*,#2924,.T.);
#2924 = EDGE_CURVE('',#2925,#2927,#2929,.T.);
#2925 = VERTEX_POINT('',#2926);
#2926 = CARTESIAN_POINT('',(0.8,12.4,110.));
#2927 = VERTEX_POINT('',#2928);
#2928 = CARTESIAN_POINT('',(0.8,12.4,106.));
#2929 = LINE('',#2930,#2931);
#2930 = CARTESIAN_POINT('',(0.8,12.4,110.));
#2931 = VECTOR('',#2932,1.);
#2932 = DIRECTION('',(-0.,-0.,-1.));
#2933 = ORIENTED_EDGE('',*,*,#2934,.T.);
#2934 = EDGE_CURVE('',#2927,#2887,#2935,.T.);
#2935 = LINE('',#2936,#2937);
#2936 = CARTESIAN_POINT('',(0.8,12.4,106.));
#2937 = VECTOR('',#2938,1.);
#2938 = DIRECTION('',(0.,-1.,0.));
#2939 = ORIENTED_EDGE('',*,*,#2884,.F.);
#2940 = ORIENTED_EDGE('',*,*,#2941,.F.);
#2941 = EDGE_CURVE('',#2925,#2885,#2942,.T.);
#2942 = LINE('',#2943,#2944);
#2943 = CARTESIAN_POINT('',(0.8,12.4,110.));
#2944 = VECTOR('',#2945,1.);
#2945 = DIRECTION('',(0.,-1.,0.));
#2946 = PLANE('',#2947);
#2947 = AXIS2_PLACEMENT_3D('',#2948,#2949,#2950);
#2948 = CARTESIAN_POINT('',(0.8,12.4,110.));
#2949 = DIRECTION('',(-1.,0.,0.));
#2950 = DIRECTION('',(0.,-1.,0.));
#2951 = ADVANCED_FACE('',(#2952),#2977,.T.);
#2952 = FACE_BOUND('',#2953,.T.);
#2953 = EDGE_LOOP('',(#2954,#2955,#2963,#2971));
#2954 = ORIENTED_EDGE('',*,*,#2902,.T.);
#2955 = ORIENTED_EDGE('',*,*,#2956,.T.);
#2956 = EDGE_CURVE('',#2895,#2957,#2959,.T.);
#2957 = VERTEX_POINT('',#2958);
#2958 = CARTESIAN_POINT('',(20.4,12.4,106.));
#2959 = LINE('',#2960,#2961);
#2960 = CARTESIAN_POINT('',(20.4,0.8,106.));
#2961 = VECTOR('',#2962,1.);
#2962 = DIRECTION('',(0.,1.,0.));
#2963 = ORIENTED_EDGE('',*,*,#2964,.F.);
#2964 = EDGE_CURVE('',#2965,#2957,#2967,.T.);
#2965 = VERTEX_POINT('',#2966);
#2966 = CARTESIAN_POINT('',(20.4,12.4,110.));
#2967 = LINE('',#2968,#2969);
#2968 = CARTESIAN_POINT('',(20.4,12.4,110.));
#2969 = VECTOR('',#2970,1.);
#2970 = DIRECTION('',(-0.,-0.,-1.));
#2971 = ORIENTED_EDGE('',*,*,#2972,.F.);
#2972 = EDGE_CURVE('',#2903,#2965,#2973,.T.);
#2973 = LINE('',#2974,#2975);
#2974 = CARTESIAN_POINT('',(20.4,0.8,110.));
#2975 = VECTOR('',#2976,1.);
#2976 = DIRECTION('',(0.,1.,0.));
#2977 = PLANE('',#2978);
#2978 = AXIS2_PLACEMENT_3D('',#2979,#2980,#2981);
#2979 = CARTESIAN_POINT('',(20.4,0.8,110.));
#2980 = DIRECTION('',(1.,0.,0.));
#2981 = DIRECTION('',(0.,1.,0.));
#2982 = ADVANCED_FACE('',(#2983,#2994),#3014,.T.);
#2983 = FACE_BOUND('',#2984,.T.);
#2984 = EDGE_LOOP('',(#2985,#2986,#2987,#2993));
#2985 = ORIENTED_EDGE('',*,*,#2910,.T.);
#2986 = ORIENTED_EDGE('',*,*,#2972,.T.);
#2987 = ORIENTED_EDGE('',*,*,#2988,.T.);
#2988 = EDGE_CURVE('',#2965,#2925,#2989,.T.);
#2989 = LINE('',#2990,#2991);
#2990 = CARTESIAN_POINT('',(20.4,12.4,110.));
#2991 = VECTOR('',#2992,1.);
#2992 = DIRECTION('',(-1.,0.,0.));
#2993 = ORIENTED_EDGE('',*,*,#2941,.T.);
#2994 = FACE_BOUND('',#2995,.F.);
#2995 = EDGE_LOOP('',(#2996,#3007));
#2996 = ORIENTED_EDGE('',*,*,#2997,.T.);
#2997 = EDGE_CURVE('',#2998,#3000,#3002,.T.);
#2998 = VERTEX_POINT('',#2999);
#2999 = CARTESIAN_POINT('',(15.6,6.6,110.));
#3000 = VERTEX_POINT('',#3001);
#3001 = CARTESIAN_POINT('',(10.6,11.6,110.));
#3002 = CIRCLE('',#3003,5.);
#3003 = AXIS2_PLACEMENT_3D('',#3004,#3005,#3006);
#3004 = CARTESIAN_POINT('',(10.6,6.6,110.));
#3005 = DIRECTION('',(0.,0.,1.));
#3006 = DIRECTION('',(1.,0.,0.));
#3007 = ORIENTED_EDGE('',*,*,#3008,.T.);
#3008 = EDGE_CURVE('',#3000,#2998,#3009,.T.);
#3009 = CIRCLE('',#3010,5.);
#3010 = AXIS2_PLACEMENT_3D('',#3011,#3012,#3013);
#3011 = CARTESIAN_POINT('',(10.6,6.6,110.));
#3012 = DIRECTION('',(0.,0.,1.));
#3013 = DIRECTION('',(1.,0.,0.));
#3014 = PLANE('',#3015);
#3015 = AXIS2_PLACEMENT_3D('',#3016,#3017,#3018);
#3016 = CARTESIAN_POINT('',(10.6,6.6,110.));
#3017 = DIRECTION('',(0.,0.,1.));
#3018 = DIRECTION('',(1.,0.,0.));
#3019 = ADVANCED_FACE('',(#3020),#3031,.T.);
#3020 = FACE_BOUND('',#3021,.T.);
#3021 = EDGE_LOOP('',(#3022,#3023,#3029,#3030));
#3022 = ORIENTED_EDGE('',*,*,#2964,.T.);
#3023 = ORIENTED_EDGE('',*,*,#3024,.T.);
#3024 = EDGE_CURVE('',#2957,#2927,#3025,.T.);
#3025 = LINE('',#3026,#3027);
#3026 = CARTESIAN_POINT('',(20.4,12.4,106.));
#3027 = VECTOR('',#3028,1.);
#3028 = DIRECTION('',(-1.,0.,0.));
#3029 = ORIENTED_EDGE('',*,*,#2924,.F.);
#3030 = ORIENTED_EDGE('',*,*,#2988,.F.);
#3031 = PLANE('',#3032);
#3032 = AXIS2_PLACEMENT_3D('',#3033,#3034,#3035);
#3033 = CARTESIAN_POINT('',(20.4,12.4,110.));
#3034 = DIRECTION('',(0.,1.,0.));
#3035 = DIRECTION('',(-1.,0.,0.));
#3036 = ADVANCED_FACE('',(#3037),#3057,.T.);
#3037 = FACE_BOUND('',#3038,.T.);
#3038 = EDGE_LOOP('',(#3039,#3040,#3048,#3055,#3056));
#3039 = ORIENTED_EDGE('',*,*,#2997,.T.);
#3040 = ORIENTED_EDGE('',*,*,#3041,.T.);
#3041 = EDGE_CURVE('',#3000,#3042,#3044,.T.);
#3042 = VERTEX_POINT('',#3043);
#3043 = CARTESIAN_POINT('',(10.6,11.6,114.95112546102));
#3044 = LINE('',#3045,#3046);
#3045 = CARTESIAN_POINT('',(10.6,11.6,106.));
#3046 = VECTOR('',#3047,1.);
#3047 = DIRECTION('',(0.,0.,1.));
#3048 = ORIENTED_EDGE('',*,*,#3049,.F.);
#3049 = EDGE_CURVE('',#3042,#3042,#3050,.T.);
#3050 = CIRCLE('',#3051,5.);
#3051 = AXIS2_PLACEMENT_3D('',#3052,#3053,#3054);
#3052 = CARTESIAN_POINT('',(10.6,6.6,114.95112546102));
#3053 = DIRECTION('',(0.,-0.,1.));
#3054 = DIRECTION('',(0.,1.,0.));
#3055 = ORIENTED_EDGE('',*,*,#3041,.F.);
#3056 = ORIENTED_EDGE('',*,*,#3008,.T.);
#3057 = CYLINDRICAL_SURFACE('',#3058,5.);
#3058 = AXIS2_PLACEMENT_3D('',#3059,#3060,#3061);
#3059 = CARTESIAN_POINT('',(10.6,6.6,106.));
#3060 = DIRECTION('',(0.,0.,1.));
#3061 = DIRECTION('',(0.,1.,0.));
#3062 = ADVANCED_FACE('',(#3063),#3082,.T.);
#3063 = FACE_BOUND('',#3064,.T.);
#3064 = EDGE_LOOP('',(#3065,#3066,#3074,#3081));
#3065 = ORIENTED_EDGE('',*,*,#3049,.T.);
#3066 = ORIENTED_EDGE('',*,*,#3067,.T.);
#3067 = EDGE_CURVE('',#3042,#3068,#3070,.T.);
#3068 = VERTEX_POINT('',#3069);
#3069 = CARTESIAN_POINT('',(10.6,12.85,116.));
#3070 = LINE('',#3071,#3072);
#3071 = CARTESIAN_POINT('',(10.6,11.6,114.95112546102));
#3072 = VECTOR('',#3073,1.);
#3073 = DIRECTION('',(0.,0.766044443119,0.642787609687));
#3074 = ORIENTED_EDGE('',*,*,#3075,.F.);
#3075 = EDGE_CURVE('',#3068,#3068,#3076,.T.);
#3076 = CIRCLE('',#3077,6.25);
#3077 = AXIS2_PLACEMENT_3D('',#3078,#3079,#3080);
#3078 = CARTESIAN_POINT('',(10.6,6.6,116.));
#3079 = DIRECTION('',(0.,-0.,1.));
#3080 = DIRECTION('',(0.,1.,0.));
#3081 = ORIENTED_EDGE('',*,*,#3067,.F.);
#3082 = CONICAL_SURFACE('',#3083,5.,0.872664625997);
#3083 = AXIS2_PLACEMENT_3D('',#3084,#3085,#3086);
#3084 = CARTESIAN_POINT('',(10.6,6.6,114.95112546102));
#3085 = DIRECTION('',(0.,0.,1.));
#3086 = DIRECTION('',(0.,1.,0.));
#3087 = ADVANCED_FACE('',(#3088),#3107,.T.);
#3088 = FACE_BOUND('',#3089,.T.);
#3089 = EDGE_LOOP('',(#3090,#3091,#3099,#3106));
#3090 = ORIENTED_EDGE('',*,*,#3075,.T.);
#3091 = ORIENTED_EDGE('',*,*,#3092,.T.);
#3092 = EDGE_CURVE('',#3068,#3093,#3095,.T.);
#3093 = VERTEX_POINT('',#3094);
#3094 = CARTESIAN_POINT('',(10.6,11.6,121.));
#3095 = LINE('',#3096,#3097);
#3096 = CARTESIAN_POINT('',(10.6,12.85,116.));
#3097 = VECTOR('',#3098,1.);
#3098 = DIRECTION('',(0.,-0.242535625036,0.970142500145));
#3099 = ORIENTED_EDGE('',*,*,#3100,.F.);
#3100 = EDGE_CURVE('',#3093,#3093,#3101,.T.);
#3101 = CIRCLE('',#3102,5.);
#3102 = AXIS2_PLACEMENT_3D('',#3103,#3104,#3105);
#3103 = CARTESIAN_POINT('',(10.6,6.6,121.));
#3104 = DIRECTION('',(0.,-0.,1.));
#3105 = DIRECTION('',(0.,1.,0.));
#3106 = ORIENTED_EDGE('',*,*,#3092,.F.);
#3107 = CONICAL_SURFACE('',#3108,6.25,0.244978663127);
#3108 = AXIS2_PLACEMENT_3D('',#3109,#3110,#3111);
#3109 = CARTESIAN_POINT('',(10.6,6.6,116.));
#3110 = DIRECTION('',(0.,-0.,-1.));
#3111 = DIRECTION('',(0.,1.,0.));
#3112 = ADVANCED_FACE('',(#3113),#3132,.T.);
#3113 = FACE_BOUND('',#3114,.T.);
#3114 = EDGE_LOOP('',(#3115,#3116,#3124,#3131));
#3115 = ORIENTED_EDGE('',*,*,#3100,.T.);
#3116 = ORIENTED_EDGE('',*,*,#3117,.T.);
#3117 = EDGE_CURVE('',#3093,#3118,#3120,.T.);
#3118 = VERTEX_POINT('',#3119);
#3119 = CARTESIAN_POINT('',(10.6,11.6,121.95112546102));
#3120 = LINE('',#3121,#3122);
#3121 = CARTESIAN_POINT('',(10.6,11.6,121.));
#3122 = VECTOR('',#3123,1.);
#3123 = DIRECTION('',(0.,0.,1.));
#3124 = ORIENTED_EDGE('',*,*,#3125,.F.);
#3125 = EDGE_CURVE('',#3118,#3118,#3126,.T.);
#3126 = CIRCLE('',#3127,5.);
#3127 = AXIS2_PLACEMENT_3D('',#3128,#3129,#3130);
#3128 = CARTESIAN_POINT('',(10.6,6.6,121.95112546102));
#3129 = DIRECTION('',(0.,-0.,1.));
#3130 = DIRECTION('',(0.,1.,0.));
#3131 = ORIENTED_EDGE('',*,*,#3117,.F.);
#3132 = CYLINDRICAL_SURFACE('',#3133,5.);
#3133 = AXIS2_PLACEMENT_3D('',#3134,#3135,#3136);
#3134 = CARTESIAN_POINT('',(10.6,6.6,121.));
#3135 = DIRECTION('',(0.,0.,1.));
#3136 = DIRECTION('',(0.,1.,0.));
#3137 = ADVANCED_FACE('',(#3138),#3157,.T.);
#3138 = FACE_BOUND('',#3139,.T.);
#3139 = EDGE_LOOP('',(#3140,#3141,#3149,#3156));
#3140 = ORIENTED_EDGE('',*,*,#3125,.T.);
#3141 = ORIENTED_EDGE('',*,*,#3142,.T.);
#3142 = EDGE_CURVE('',#3118,#3143,#3145,.T.);
#3143 = VERTEX_POINT('',#3144);
#3144 = CARTESIAN_POINT('',(10.6,12.85,123.));
#3145 = LINE('',#3146,#3147);
#3146 = CARTESIAN_POINT('',(10.6,11.6,121.95112546102));
#3147 = VECTOR('',#3148,1.);
#3148 = DIRECTION('',(0.,0.766044443119,0.642787609687));
#3149 = ORIENTED_EDGE('',*,*,#3150,.F.);
#3150 = EDGE_CURVE('',#3143,#3143,#3151,.T.);
#3151 = CIRCLE('',#3152,6.25);
#3152 = AXIS2_PLACEMENT_3D('',#3153,#3154,#3155);
#3153 = CARTESIAN_POINT('',(10.6,6.6,123.));
#3154 = DIRECTION('',(0.,-0.,1.));
#3155 = DIRECTION('',(0.,1.,0.));
#3156 = ORIENTED_EDGE('',*,*,#3142,.F.);
#3157 = CONICAL_SURFACE('',#3158,5.,0.872664625997);
#3158 = AXIS2_PLACEMENT_3D('',#3159,#3160,#3161);
#3159 = CARTESIAN_POINT('',(10.6,6.6,121.95112546102));
#3160 = DIRECTION('',(0.,0.,1.));
#3161 = DIRECTION('',(0.,1.,0.));
#3162 = ADVANCED_FACE('',(#3163),#3190,.F.);
#3163 = FACE_BOUND('',#3164,.F.);
#3164 = EDGE_LOOP('',(#3165,#3174,#3182,#3189));
#3165 = ORIENTED_EDGE('',*,*,#3166,.T.);
#3166 = EDGE_CURVE('',#3167,#3167,#3169,.T.);
#3167 = VERTEX_POINT('',#3168);
#3168 = CARTESIAN_POINT('',(10.6,10.6,106.));
#3169 = CIRCLE('',#3170,4.);
#3170 = AXIS2_PLACEMENT_3D('',#3171,#3172,#3173);
#3171 = CARTESIAN_POINT('',(10.6,6.6,106.));
#3172 = DIRECTION('',(0.,-0.,1.));
#3173 = DIRECTION('',(0.,1.,0.));
#3174 = ORIENTED_EDGE('',*,*,#3175,.T.);
#3175 = EDGE_CURVE('',#3167,#3176,#3178,.T.);
#3176 = VERTEX_POINT('',#3177);
#3177 = CARTESIAN_POINT('',(10.6,10.6,128.));
#3178 = LINE('',#3179,#3180);
#3179 = CARTESIAN_POINT('',(10.6,10.6,106.));
#3180 = VECTOR('',#3181,1.);
#3181 = DIRECTION('',(0.,0.,1.));
#3182 = ORIENTED_EDGE('',*,*,#3183,.F.);
#3183 = EDGE_CURVE('',#3176,#3176,#3184,.T.);
#3184 = CIRCLE('',#3185,4.);
#3185 = AXIS2_PLACEMENT_3D('',#3186,#3187,#3188);
#3186 = CARTESIAN_POINT('',(10.6,6.6,128.));
#3187 = DIRECTION('',(0.,-0.,1.));
#3188 = DIRECTION('',(0.,1.,0.));
#3189 = ORIENTED_EDGE('',*,*,#3175,.F.);
#3190 = CYLINDRICAL_SURFACE('',#3191,4.);
#3191 = AXIS2_PLACEMENT_3D('',#3192,#3193,#3194);
#3192 = CARTESIAN_POINT('',(10.6,6.6,106.));
#3193 = DIRECTION('',(0.,0.,1.));
#3194 = DIRECTION('',(0.,1.,0.));
#3195 = ADVANCED_FACE('',(#3196,#3199),#3210,.T.);
#3196 = FACE_BOUND('',#3197,.F.);
#3197 = EDGE_LOOP('',(#3198));
#3198 = ORIENTED_EDGE('',*,*,#3183,.T.);
#3199 = FACE_BOUND('',#3200,.F.);
#3200 = EDGE_LOOP('',(#3201));
#3201 = ORIENTED_EDGE('',*,*,#3202,.F.);
#3202 = EDGE_CURVE('',#3203,#3203,#3205,.T.);
#3203 = VERTEX_POINT('',#3204);
#3204 = CARTESIAN_POINT('',(10.6,11.35,128.));
#3205 = CIRCLE('',#3206,4.75);
#3206 = AXIS2_PLACEMENT_3D('',#3207,#3208,#3209);
#3207 = CARTESIAN_POINT('',(10.6,6.6,128.));
#3208 = DIRECTION('',(0.,-0.,1.));
#3209 = DIRECTION('',(0.,1.,0.));
#3210 = PLANE('',#3211);
#3211 = AXIS2_PLACEMENT_3D('',#3212,#3213,#3214);
#3212 = CARTESIAN_POINT('',(10.6,6.6,128.));
#3213 = DIRECTION('',(0.,0.,1.));
#3214 = DIRECTION('',(0.,1.,0.));
#3215 = ADVANCED_FACE('',(#3216),#3227,.T.);
#3216 = FACE_BOUND('',#3217,.T.);
#3217 = EDGE_LOOP('',(#3218,#3219,#3225,#3226));
#3218 = ORIENTED_EDGE('',*,*,#3150,.T.);
#3219 = ORIENTED_EDGE('',*,*,#3220,.T.);
#3220 = EDGE_CURVE('',#3143,#3203,#3221,.T.);
#3221 = LINE('',#3222,#3223);
#3222 = CARTESIAN_POINT('',(10.6,12.85,123.));
#3223 = VECTOR('',#3224,1.);
#3224 = DIRECTION('',(0.,-0.287347885566,0.957826285221));
#3225 = ORIENTED_EDGE('',*,*,#3202,.F.);
#3226 = ORIENTED_EDGE('',*,*,#3220,.F.);
#3227 = CONICAL_SURFACE('',#3228,6.25,0.291456794478);
#3228 = AXIS2_PLACEMENT_3D('',#3229,#3230,#3231);
#3229 = CARTESIAN_POINT('',(10.6,6.6,123.));
#3230 = DIRECTION('',(0.,-0.,-1.));
#3231 = DIRECTION('',(0.,1.,0.));
#3232 = ADVANCED_FACE('',(#3233,#3239),#3242,.T.);
#3233 = FACE_BOUND('',#3234,.T.);
#3234 = EDGE_LOOP('',(#3235,#3236,#3237,#3238));
#3235 = ORIENTED_EDGE('',*,*,#2894,.F.);
#3236 = ORIENTED_EDGE('',*,*,#2934,.F.);
#3237 = ORIENTED_EDGE('',*,*,#3024,.F.);
#3238 = ORIENTED_EDGE('',*,*,#2956,.F.);
#3239 = FACE_BOUND('',#3240,.T.);
#3240 = EDGE_LOOP('',(#3241));
#3241 = ORIENTED_EDGE('',*,*,#3166,.T.);
#3242 = PLANE('',#3243);
#3243 = AXIS2_PLACEMENT_3D('',#3244,#3245,#3246);
#3244 = CARTESIAN_POINT('',(10.6,6.6,106.));
#3245 = DIRECTION('',(-0.,-0.,-1.));
#3246 = DIRECTION('',(-1.,0.,0.));
#3247 = ( GEOMETRIC_REPRESENTATION_CONTEXT(3) 
GLOBAL_UNCERTAINTY_ASSIGNED_CONTEXT((#3251)) 
GLOBAL_UNIT_ASSIGNED_CONTEXT((#3248,#3249,#3250)) REPRESENTATION_CONTEXT
('Context #1','3D Context with UNIT and UNCERTAINTY') );
#3248 = ( LENGTH_UNIT() NAMED_UNIT(*) SI_UNIT(.MILLI.,.METRE.) );
#3249 = ( NAMED_UNIT(*) PLANE_ANGLE_UNIT() SI_UNIT($,.RADIAN.) );
#3250 = ( NAMED_UNIT(*) SI_UNIT($,.STERADIAN.) SOLID_ANGLE_UNIT() );
#3251 = UNCERTAINTY_MEASURE_WITH_UNIT(LENGTH_MEASURE(1.E-07),#3248,
  'distance_accuracy_value','confusion accuracy');
#3252 = CONTEXT_DEPENDENT_SHAPE_REPRESENTATION(#3253,#3255);
#3253 = ( REPRESENTATION_RELATIONSHIP('','',#2877,#10) 
REPRESENTATION_RELATIONSHIP_WITH_TRANSFORMATION(#3254) 
SHAPE_REPRESENTATION_RELATIONSHIP() );
#3254 = ITEM_DEFINED_TRANSFORMATION('','',#11,#31);
#3255 = PRODUCT_DEFINITION_SHAPE('Placement','Placement of an item',
  #3256);
#3256 = NEXT_ASSEMBLY_USAGE_OCCURRENCE('5','in_cap','',#5,#2872,$);
#3257 = PRODUCT_RELATED_PRODUCT_CATEGORY('part',$,(#2874));
#3258 = SHAPE_DEFINITION_REPRESENTATION(#3259,#3265);
#3259 = PRODUCT_DEFINITION_SHAPE('','',#3260);
#3260 = PRODUCT_DEFINITION('design','',#3261,#3264);
#3261 = PRODUCT_DEFINITION_FORMATION('','',#3262);
#3262 = PRODUCT('servo_holder','servo_holder','',(#3263));
#3263 = PRODUCT_CONTEXT('',#2,'mechanical');
#3264 = PRODUCT_DEFINITION_CONTEXT('part definition',#2,'design');
#3265 = ADVANCED_BREP_SHAPE_REPRESENTATION('',(#11,#3266),#4312);
#3266 = MANIFOLD_SOLID_BREP('',#3267);
#3267 = CLOSED_SHELL('',(#3268,#3308,#3363,#3387,#3556,#3581,#3598,#3622
    ,#3671,#3773,#3790,#3807,#3819,#3851,#3875,#3900,#3917,#3949,#3973,
    #3997,#4021,#4046,#4070,#4094,#4111,#4128,#4140,#4212,#4234,#4251,
    #4268,#4280,#4296));
#3268 = ADVANCED_FACE('',(#3269),#3303,.F.);
#3269 = FACE_BOUND('',#3270,.F.);
#3270 = EDGE_LOOP('',(#3271,#3281,#3289,#3297));
#3271 = ORIENTED_EDGE('',*,*,#3272,.T.);
#3272 = EDGE_CURVE('',#3273,#3275,#3277,.T.);
#3273 = VERTEX_POINT('',#3274);
#3274 = CARTESIAN_POINT('',(21.2,21.2,-14.));
#3275 = VERTEX_POINT('',#3276);
#3276 = CARTESIAN_POINT('',(21.2,21.2,-13.));
#3277 = LINE('',#3278,#3279);
#3278 = CARTESIAN_POINT('',(21.2,21.2,-14.));
#3279 = VECTOR('',#3280,1.);
#3280 = DIRECTION('',(0.,0.,1.));
#3281 = ORIENTED_EDGE('',*,*,#3282,.T.);
#3282 = EDGE_CURVE('',#3275,#3283,#3285,.T.);
#3283 = VERTEX_POINT('',#3284);
#3284 = CARTESIAN_POINT('',(19.6,21.2,-13.));
#3285 = LINE('',#3286,#3287);
#3286 = CARTESIAN_POINT('',(21.2,21.2,-13.));
#3287 = VECTOR('',#3288,1.);
#3288 = DIRECTION('',(-1.,0.,0.));
#3289 = ORIENTED_EDGE('',*,*,#3290,.F.);
#3290 = EDGE_CURVE('',#3291,#3283,#3293,.T.);
#3291 = VERTEX_POINT('',#3292);
#3292 = CARTESIAN_POINT('',(19.6,21.2,-14.));
#3293 = LINE('',#3294,#3295);
#3294 = CARTESIAN_POINT('',(19.6,21.2,-14.));
#3295 = VECTOR('',#3296,1.);
#3296 = DIRECTION('',(0.,0.,1.));
#3297 = ORIENTED_EDGE('',*,*,#3298,.F.);
#3298 = EDGE_CURVE('',#3273,#3291,#3299,.T.);
#3299 = LINE('',#3300,#3301);
#3300 = CARTESIAN_POINT('',(21.2,21.2,-14.));
#3301 = VECTOR('',#3302,1.);
#3302 = DIRECTION('',(-1.,0.,0.));
#3303 = PLANE('',#3304);
#3304 = AXIS2_PLACEMENT_3D('',#3305,#3306,#3307);
#3305 = CARTESIAN_POINT('',(21.2,21.2,-14.));
#3306 = DIRECTION('',(0.,-1.,0.));
#3307 = DIRECTION('',(-1.,0.,0.));
#3308 = ADVANCED_FACE('',(#3309),#3358,.T.);
#3309 = FACE_BOUND('',#3310,.T.);
#3310 = EDGE_LOOP('',(#3311,#3312,#3320,#3328,#3336,#3344,#3352));
#3311 = ORIENTED_EDGE('',*,*,#3272,.T.);
#3312 = ORIENTED_EDGE('',*,*,#3313,.T.);
#3313 = EDGE_CURVE('',#3275,#3314,#3316,.T.);
#3314 = VERTEX_POINT('',#3315);
#3315 = CARTESIAN_POINT('',(21.2,14.2,-6.));
#3316 = LINE('',#3317,#3318);
#3317 = CARTESIAN_POINT('',(21.2,20.6875,-12.4875));
#3318 = VECTOR('',#3319,1.);
#3319 = DIRECTION('',(0.,-0.707106781187,0.707106781187));
#3320 = ORIENTED_EDGE('',*,*,#3321,.F.);
#3321 = EDGE_CURVE('',#3322,#3314,#3324,.T.);
#3322 = VERTEX_POINT('',#3323);
#3323 = CARTESIAN_POINT('',(21.2,13.2,-6.));
#3324 = LINE('',#3325,#3326);
#3325 = CARTESIAN_POINT('',(21.2,13.2,-6.));
#3326 = VECTOR('',#3327,1.);
#3327 = DIRECTION('',(0.,1.,0.));
#3328 = ORIENTED_EDGE('',*,*,#3329,.F.);
#3329 = EDGE_CURVE('',#3330,#3322,#3332,.T.);
#3330 = VERTEX_POINT('',#3331);
#3331 = CARTESIAN_POINT('',(21.2,13.2,-15.6));
#3332 = LINE('',#3333,#3334);
#3333 = CARTESIAN_POINT('',(21.2,13.2,-15.6));
#3334 = VECTOR('',#3335,1.);
#3335 = DIRECTION('',(0.,0.,1.));
#3336 = ORIENTED_EDGE('',*,*,#3337,.T.);
#3337 = EDGE_CURVE('',#3330,#3338,#3340,.T.);
#3338 = VERTEX_POINT('',#3339);
#3339 = CARTESIAN_POINT('',(21.2,43.5,-15.6));
#3340 = LINE('',#3341,#3342);
#3341 = CARTESIAN_POINT('',(21.2,13.2,-15.6));
#3342 = VECTOR('',#3343,1.);
#3343 = DIRECTION('',(0.,1.,0.));
#3344 = ORIENTED_EDGE('',*,*,#3345,.T.);
#3345 = EDGE_CURVE('',#3338,#3346,#3348,.T.);
#3346 = VERTEX_POINT('',#3347);
#3347 = CARTESIAN_POINT('',(21.2,43.5,-14.));
#3348 = LINE('',#3349,#3350);
#3349 = CARTESIAN_POINT('',(21.2,43.5,-15.6));
#3350 = VECTOR('',#3351,1.);
#3351 = DIRECTION('',(0.,0.,1.));
#3352 = ORIENTED_EDGE('',*,*,#3353,.F.);
#3353 = EDGE_CURVE('',#3273,#3346,#3354,.T.);
#3354 = LINE('',#3355,#3356);
#3355 = CARTESIAN_POINT('',(21.2,13.2,-14.));
#3356 = VECTOR('',#3357,1.);
#3357 = DIRECTION('',(0.,1.,0.));
#3358 = PLANE('',#3359);
#3359 = AXIS2_PLACEMENT_3D('',#3360,#3361,#3362);
#3360 = CARTESIAN_POINT('',(21.2,26.114411027569,-13.03558897243));
#3361 = DIRECTION('',(1.,0.,0.));
#3362 = DIRECTION('',(0.,0.,1.));
#3363 = ADVANCED_FACE('',(#3364),#3382,.F.);
#3364 = FACE_BOUND('',#3365,.T.);
#3365 = EDGE_LOOP('',(#3366,#3367,#3368,#3376));
#3366 = ORIENTED_EDGE('',*,*,#3313,.F.);
#3367 = ORIENTED_EDGE('',*,*,#3282,.T.);
#3368 = ORIENTED_EDGE('',*,*,#3369,.T.);
#3369 = EDGE_CURVE('',#3283,#3370,#3372,.T.);
#3370 = VERTEX_POINT('',#3371);
#3371 = CARTESIAN_POINT('',(19.6,14.2,-6.));
#3372 = LINE('',#3373,#3374);
#3373 = CARTESIAN_POINT('',(19.6,19.7,-11.5));
#3374 = VECTOR('',#3375,1.);
#3375 = DIRECTION('',(0.,-0.707106781187,0.707106781187));
#3376 = ORIENTED_EDGE('',*,*,#3377,.F.);
#3377 = EDGE_CURVE('',#3314,#3370,#3378,.T.);
#3378 = LINE('',#3379,#3380);
#3379 = CARTESIAN_POINT('',(21.2,14.2,-6.));
#3380 = VECTOR('',#3381,1.);
#3381 = DIRECTION('',(-1.,0.,0.));
#3382 = PLANE('',#3383);
#3383 = AXIS2_PLACEMENT_3D('',#3384,#3385,#3386);
#3384 = CARTESIAN_POINT('',(21.2,17.7,-9.5));
#3385 = DIRECTION('',(2.E-17,-0.707106781187,-0.707106781187));
#3386 = DIRECTION('',(1.,1.414213562373E-17,1.414213562373E-17));
#3387 = ADVANCED_FACE('',(#3388,#3472,#3483),#3551,.T.);
#3388 = FACE_BOUND('',#3389,.T.);
#3389 = EDGE_LOOP('',(#3390,#3401,#3409,#3417,#3425,#3433,#3441,#3447,
    #3448,#3449,#3457,#3466));
#3390 = ORIENTED_EDGE('',*,*,#3391,.T.);
#3391 = EDGE_CURVE('',#3392,#3394,#3396,.T.);
#3392 = VERTEX_POINT('',#3393);
#3393 = CARTESIAN_POINT('',(-11.45,23.2,-14.));
#3394 = VERTEX_POINT('',#3395);
#3395 = CARTESIAN_POINT('',(-1.45,13.2,-14.));
#3396 = CIRCLE('',#3397,10.);
#3397 = AXIS2_PLACEMENT_3D('',#3398,#3399,#3400);
#3398 = CARTESIAN_POINT('',(-1.45,23.2,-14.));
#3399 = DIRECTION('',(0.,0.,1.));
#3400 = DIRECTION('',(1.,0.,0.));
#3401 = ORIENTED_EDGE('',*,*,#3402,.T.);
#3402 = EDGE_CURVE('',#3394,#3403,#3405,.T.);
#3403 = VERTEX_POINT('',#3404);
#3404 = CARTESIAN_POINT('',(-2.4029E-11,13.2,-14.));
#3405 = LINE('',#3406,#3407);
#3406 = CARTESIAN_POINT('',(-1.45,13.2,-14.));
#3407 = VECTOR('',#3408,1.);
#3408 = DIRECTION('',(1.,0.,0.));
#3409 = ORIENTED_EDGE('',*,*,#3410,.F.);
#3410 = EDGE_CURVE('',#3411,#3403,#3413,.T.);
#3411 = VERTEX_POINT('',#3412);
#3412 = CARTESIAN_POINT('',(-2.4029E-11,21.2,-14.));
#3413 = LINE('',#3414,#3415);
#3414 = CARTESIAN_POINT('',(-2.40288E-11,21.2,-14.));
#3415 = VECTOR('',#3416,1.);
#3416 = DIRECTION('',(0.,-1.,0.));
#3417 = ORIENTED_EDGE('',*,*,#3418,.F.);
#3418 = EDGE_CURVE('',#3419,#3411,#3421,.T.);
#3419 = VERTEX_POINT('',#3420);
#3420 = CARTESIAN_POINT('',(1.6,21.2,-14.));
#3421 = LINE('',#3422,#3423);
#3422 = CARTESIAN_POINT('',(1.6,21.2,-14.));
#3423 = VECTOR('',#3424,1.);
#3424 = DIRECTION('',(-1.,0.,0.));
#3425 = ORIENTED_EDGE('',*,*,#3426,.F.);
#3426 = EDGE_CURVE('',#3427,#3419,#3429,.T.);
#3427 = VERTEX_POINT('',#3428);
#3428 = CARTESIAN_POINT('',(1.6,13.2,-14.));
#3429 = LINE('',#3430,#3431);
#3430 = CARTESIAN_POINT('',(1.6,13.2,-14.));
#3431 = VECTOR('',#3432,1.);
#3432 = DIRECTION('',(0.,1.,0.));
#3433 = ORIENTED_EDGE('',*,*,#3434,.T.);
#3434 = EDGE_CURVE('',#3427,#3435,#3437,.T.);
#3435 = VERTEX_POINT('',#3436);
#3436 = CARTESIAN_POINT('',(19.6,13.2,-14.));
#3437 = LINE('',#3438,#3439);
#3438 = CARTESIAN_POINT('',(-1.45,13.2,-14.));
#3439 = VECTOR('',#3440,1.);
#3440 = DIRECTION('',(1.,0.,0.));
#3441 = ORIENTED_EDGE('',*,*,#3442,.F.);
#3442 = EDGE_CURVE('',#3291,#3435,#3443,.T.);
#3443 = LINE('',#3444,#3445);
#3444 = CARTESIAN_POINT('',(19.6,21.2,-14.));
#3445 = VECTOR('',#3446,1.);
#3446 = DIRECTION('',(0.,-1.,0.));
#3447 = ORIENTED_EDGE('',*,*,#3298,.F.);
#3448 = ORIENTED_EDGE('',*,*,#3353,.T.);
#3449 = ORIENTED_EDGE('',*,*,#3450,.T.);
#3450 = EDGE_CURVE('',#3346,#3451,#3453,.T.);
#3451 = VERTEX_POINT('',#3452);
#3452 = CARTESIAN_POINT('',(-5.45,43.5,-14.));
#3453 = LINE('',#3454,#3455);
#3454 = CARTESIAN_POINT('',(21.2,43.5,-14.));
#3455 = VECTOR('',#3456,1.);
#3456 = DIRECTION('',(-1.,0.,0.));
#3457 = ORIENTED_EDGE('',*,*,#3458,.T.);
#3458 = EDGE_CURVE('',#3451,#3459,#3461,.T.);
#3459 = VERTEX_POINT('',#3460);
#3460 = CARTESIAN_POINT('',(-11.45,37.5,-14.));
#3461 = CIRCLE('',#3462,6.);
#3462 = AXIS2_PLACEMENT_3D('',#3463,#3464,#3465);
#3463 = CARTESIAN_POINT('',(-5.45,37.5,-14.));
#3464 = DIRECTION('',(0.,0.,1.));
#3465 = DIRECTION('',(1.,0.,0.));
#3466 = ORIENTED_EDGE('',*,*,#3467,.T.);
#3467 = EDGE_CURVE('',#3459,#3392,#3468,.T.);
#3468 = LINE('',#3469,#3470);
#3469 = CARTESIAN_POINT('',(-11.45,37.5,-14.));
#3470 = VECTOR('',#3471,1.);
#3471 = DIRECTION('',(0.,-1.,0.));
#3472 = FACE_BOUND('',#3473,.T.);
#3473 = EDGE_LOOP('',(#3474));
#3474 = ORIENTED_EDGE('',*,*,#3475,.F.);
#3475 = EDGE_CURVE('',#3476,#3476,#3478,.T.);
#3476 = VERTEX_POINT('',#3477);
#3477 = CARTESIAN_POINT('',(12.2,18.7,-14.));
#3478 = CIRCLE('',#3479,1.6);
#3479 = AXIS2_PLACEMENT_3D('',#3480,#3481,#3482);
#3480 = CARTESIAN_POINT('',(10.6,18.7,-14.));
#3481 = DIRECTION('',(0.,0.,1.));
#3482 = DIRECTION('',(1.,0.,0.));
#3483 = FACE_BOUND('',#3484,.T.);
#3484 = EDGE_LOOP('',(#3485,#3496,#3504,#3512,#3520,#3529,#3537,#3545));
#3485 = ORIENTED_EDGE('',*,*,#3486,.F.);
#3486 = EDGE_CURVE('',#3487,#3489,#3491,.T.);
#3487 = VERTEX_POINT('',#3488);
#3488 = CARTESIAN_POINT('',(17.4,33.48344749394,-14.));
#3489 = VERTEX_POINT('',#3490);
#3490 = CARTESIAN_POINT('',(17.4,35.91655250606,-14.));
#3491 = CIRCLE('',#3492,2.05);
#3492 = AXIS2_PLACEMENT_3D('',#3493,#3494,#3495);
#3493 = CARTESIAN_POINT('',(19.05,34.7,-14.));
#3494 = DIRECTION('',(0.,0.,1.));
#3495 = DIRECTION('',(1.,0.,0.));
#3496 = ORIENTED_EDGE('',*,*,#3497,.F.);
#3497 = EDGE_CURVE('',#3498,#3487,#3500,.T.);
#3498 = VERTEX_POINT('',#3499);
#3499 = CARTESIAN_POINT('',(17.4,28.1,-14.));
#3500 = LINE('',#3501,#3502);
#3501 = CARTESIAN_POINT('',(17.4,28.1,-14.));
#3502 = VECTOR('',#3503,1.);
#3503 = DIRECTION('',(0.,1.,0.));
#3504 = ORIENTED_EDGE('',*,*,#3505,.F.);
#3505 = EDGE_CURVE('',#3506,#3498,#3508,.T.);
#3506 = VERTEX_POINT('',#3507);
#3507 = CARTESIAN_POINT('',(-6.799999999982,28.1,-14.));
#3508 = LINE('',#3509,#3510);
#3509 = CARTESIAN_POINT('',(-6.799999999982,28.1,-14.));
#3510 = VECTOR('',#3511,1.);
#3511 = DIRECTION('',(1.,0.,0.));
#3512 = ORIENTED_EDGE('',*,*,#3513,.F.);
#3513 = EDGE_CURVE('',#3514,#3506,#3516,.T.);
#3514 = VERTEX_POINT('',#3515);
#3515 = CARTESIAN_POINT('',(-6.799999999988,33.483447493945,-14.));
#3516 = LINE('',#3517,#3518);
#3517 = CARTESIAN_POINT('',(-6.799999999982,33.48344749394,-14.));
#3518 = VECTOR('',#3519,1.);
#3519 = DIRECTION('',(0.,-1.,0.));
#3520 = ORIENTED_EDGE('',*,*,#3521,.F.);
#3521 = EDGE_CURVE('',#3522,#3514,#3524,.T.);
#3522 = VERTEX_POINT('',#3523);
#3523 = CARTESIAN_POINT('',(-6.8,35.91655250606,-14.));
#3524 = CIRCLE('',#3525,2.05);
#3525 = AXIS2_PLACEMENT_3D('',#3526,#3527,#3528);
#3526 = CARTESIAN_POINT('',(-8.45,34.7,-14.));
#3527 = DIRECTION('',(0.,0.,1.));
#3528 = DIRECTION('',(1.,0.,0.));
#3529 = ORIENTED_EDGE('',*,*,#3530,.F.);
#3530 = EDGE_CURVE('',#3531,#3522,#3533,.T.);
#3531 = VERTEX_POINT('',#3532);
#3532 = CARTESIAN_POINT('',(-6.8,41.3,-14.));
#3533 = LINE('',#3534,#3535);
#3534 = CARTESIAN_POINT('',(-6.8,41.3,-14.));
#3535 = VECTOR('',#3536,1.);
#3536 = DIRECTION('',(0.,-1.,0.));
#3537 = ORIENTED_EDGE('',*,*,#3538,.F.);
#3538 = EDGE_CURVE('',#3539,#3531,#3541,.T.);
#3539 = VERTEX_POINT('',#3540);
#3540 = CARTESIAN_POINT('',(17.4,41.3,-14.));
#3541 = LINE('',#3542,#3543);
#3542 = CARTESIAN_POINT('',(17.4,41.3,-14.));
#3543 = VECTOR('',#3544,1.);
#3544 = DIRECTION('',(-1.,0.,0.));
#3545 = ORIENTED_EDGE('',*,*,#3546,.F.);
#3546 = EDGE_CURVE('',#3489,#3539,#3547,.T.);
#3547 = LINE('',#3548,#3549);
#3548 = CARTESIAN_POINT('',(17.4,35.91655250606,-14.));
#3549 = VECTOR('',#3550,1.);
#3550 = DIRECTION('',(0.,1.,0.));
#3551 = PLANE('',#3552);
#3552 = AXIS2_PLACEMENT_3D('',#3553,#3554,#3555);
#3553 = CARTESIAN_POINT('',(5.886254623261,30.60118283085,-14.));
#3554 = DIRECTION('',(0.,0.,1.));
#3555 = DIRECTION('',(1.,0.,0.));
#3556 = ADVANCED_FACE('',(#3557),#3576,.F.);
#3557 = FACE_BOUND('',#3558,.F.);
#3558 = EDGE_LOOP('',(#3559,#3560,#3561,#3569,#3575));
#3559 = ORIENTED_EDGE('',*,*,#3290,.T.);
#3560 = ORIENTED_EDGE('',*,*,#3369,.T.);
#3561 = ORIENTED_EDGE('',*,*,#3562,.T.);
#3562 = EDGE_CURVE('',#3370,#3563,#3565,.T.);
#3563 = VERTEX_POINT('',#3564);
#3564 = CARTESIAN_POINT('',(19.6,13.2,-6.));
#3565 = LINE('',#3566,#3567);
#3566 = CARTESIAN_POINT('',(19.6,21.2,-6.));
#3567 = VECTOR('',#3568,1.);
#3568 = DIRECTION('',(0.,-1.,0.));
#3569 = ORIENTED_EDGE('',*,*,#3570,.F.);
#3570 = EDGE_CURVE('',#3435,#3563,#3571,.T.);
#3571 = LINE('',#3572,#3573);
#3572 = CARTESIAN_POINT('',(19.6,13.2,-14.));
#3573 = VECTOR('',#3574,1.);
#3574 = DIRECTION('',(0.,0.,1.));
#3575 = ORIENTED_EDGE('',*,*,#3442,.F.);
#3576 = PLANE('',#3577);
#3577 = AXIS2_PLACEMENT_3D('',#3578,#3579,#3580);
#3578 = CARTESIAN_POINT('',(19.6,21.2,-14.));
#3579 = DIRECTION('',(1.,0.,0.));
#3580 = DIRECTION('',(0.,-1.,0.));
#3581 = ADVANCED_FACE('',(#3582),#3593,.T.);
#3582 = FACE_BOUND('',#3583,.T.);
#3583 = EDGE_LOOP('',(#3584,#3585,#3586,#3587));
#3584 = ORIENTED_EDGE('',*,*,#3321,.T.);
#3585 = ORIENTED_EDGE('',*,*,#3377,.T.);
#3586 = ORIENTED_EDGE('',*,*,#3562,.T.);
#3587 = ORIENTED_EDGE('',*,*,#3588,.T.);
#3588 = EDGE_CURVE('',#3563,#3322,#3589,.T.);
#3589 = LINE('',#3590,#3591);
#3590 = CARTESIAN_POINT('',(19.6,13.2,-6.));
#3591 = VECTOR('',#3592,1.);
#3592 = DIRECTION('',(1.,0.,0.));
#3593 = PLANE('',#3594);
#3594 = AXIS2_PLACEMENT_3D('',#3595,#3596,#3597);
#3595 = CARTESIAN_POINT('',(10.599999999982,17.2,-6.));
#3596 = DIRECTION('',(0.,0.,1.));
#3597 = DIRECTION('',(1.,0.,0.));
#3598 = ADVANCED_FACE('',(#3599),#3617,.F.);
#3599 = FACE_BOUND('',#3600,.F.);
#3600 = EDGE_LOOP('',(#3601,#3602,#3603,#3611));
#3601 = ORIENTED_EDGE('',*,*,#3345,.T.);
#3602 = ORIENTED_EDGE('',*,*,#3450,.T.);
#3603 = ORIENTED_EDGE('',*,*,#3604,.F.);
#3604 = EDGE_CURVE('',#3605,#3451,#3607,.T.);
#3605 = VERTEX_POINT('',#3606);
#3606 = CARTESIAN_POINT('',(-5.45,43.5,-15.6));
#3607 = LINE('',#3608,#3609);
#3608 = CARTESIAN_POINT('',(-5.45,43.5,-15.6));
#3609 = VECTOR('',#3610,1.);
#3610 = DIRECTION('',(0.,0.,1.));
#3611 = ORIENTED_EDGE('',*,*,#3612,.F.);
#3612 = EDGE_CURVE('',#3338,#3605,#3613,.T.);
#3613 = LINE('',#3614,#3615);
#3614 = CARTESIAN_POINT('',(21.2,43.5,-15.6));
#3615 = VECTOR('',#3616,1.);
#3616 = DIRECTION('',(-1.,0.,0.));
#3617 = PLANE('',#3618);
#3618 = AXIS2_PLACEMENT_3D('',#3619,#3620,#3621);
#3619 = CARTESIAN_POINT('',(21.2,43.5,-15.6));
#3620 = DIRECTION('',(0.,-1.,0.));
#3621 = DIRECTION('',(-1.,0.,0.));
#3622 = ADVANCED_FACE('',(#3623),#3666,.T.);
#3623 = FACE_BOUND('',#3624,.T.);
#3624 = EDGE_LOOP('',(#3625,#3633,#3639,#3640,#3641,#3642,#3643,#3651,
    #3659,#3665));
#3625 = ORIENTED_EDGE('',*,*,#3626,.F.);
#3626 = EDGE_CURVE('',#3627,#3394,#3629,.T.);
#3627 = VERTEX_POINT('',#3628);
#3628 = CARTESIAN_POINT('',(-1.45,13.2,-15.6));
#3629 = LINE('',#3630,#3631);
#3630 = CARTESIAN_POINT('',(-1.45,13.2,-15.6));
#3631 = VECTOR('',#3632,1.);
#3632 = DIRECTION('',(0.,0.,1.));
#3633 = ORIENTED_EDGE('',*,*,#3634,.T.);
#3634 = EDGE_CURVE('',#3627,#3330,#3635,.T.);
#3635 = LINE('',#3636,#3637);
#3636 = CARTESIAN_POINT('',(-1.45,13.2,-15.6));
#3637 = VECTOR('',#3638,1.);
#3638 = DIRECTION('',(1.,0.,0.));
#3639 = ORIENTED_EDGE('',*,*,#3329,.T.);
#3640 = ORIENTED_EDGE('',*,*,#3588,.F.);
#3641 = ORIENTED_EDGE('',*,*,#3570,.F.);
#3642 = ORIENTED_EDGE('',*,*,#3434,.F.);
#3643 = ORIENTED_EDGE('',*,*,#3644,.T.);
#3644 = EDGE_CURVE('',#3427,#3645,#3647,.T.);
#3645 = VERTEX_POINT('',#3646);
#3646 = CARTESIAN_POINT('',(1.6,13.2,-6.));
#3647 = LINE('',#3648,#3649);
#3648 = CARTESIAN_POINT('',(1.6,13.2,-14.));
#3649 = VECTOR('',#3650,1.);
#3650 = DIRECTION('',(0.,0.,1.));
#3651 = ORIENTED_EDGE('',*,*,#3652,.F.);
#3652 = EDGE_CURVE('',#3653,#3645,#3655,.T.);
#3653 = VERTEX_POINT('',#3654);
#3654 = CARTESIAN_POINT('',(-2.4029E-11,13.2,-6.));
#3655 = LINE('',#3656,#3657);
#3656 = CARTESIAN_POINT('',(-2.40288E-11,13.2,-6.));
#3657 = VECTOR('',#3658,1.);
#3658 = DIRECTION('',(1.,0.,0.));
#3659 = ORIENTED_EDGE('',*,*,#3660,.F.);
#3660 = EDGE_CURVE('',#3403,#3653,#3661,.T.);
#3661 = LINE('',#3662,#3663);
#3662 = CARTESIAN_POINT('',(-2.40288E-11,13.2,-14.));
#3663 = VECTOR('',#3664,1.);
#3664 = DIRECTION('',(0.,0.,1.));
#3665 = ORIENTED_EDGE('',*,*,#3402,.F.);
#3666 = PLANE('',#3667);
#3667 = AXIS2_PLACEMENT_3D('',#3668,#3669,#3670);
#3668 = CARTESIAN_POINT('',(10.163198757762,13.2,-12.57391304347));
#3669 = DIRECTION('',(0.,-1.,3.17E-15));
#3670 = DIRECTION('',(0.,-3.17E-15,-1.));
#3671 = ADVANCED_FACE('',(#3672,#3701,#3735,#3746,#3757),#3768,.F.);
#3672 = FACE_BOUND('',#3673,.F.);
#3673 = EDGE_LOOP('',(#3674,#3675,#3676,#3677,#3686,#3694));
#3674 = ORIENTED_EDGE('',*,*,#3634,.T.);
#3675 = ORIENTED_EDGE('',*,*,#3337,.T.);
#3676 = ORIENTED_EDGE('',*,*,#3612,.T.);
#3677 = ORIENTED_EDGE('',*,*,#3678,.T.);
#3678 = EDGE_CURVE('',#3605,#3679,#3681,.T.);
#3679 = VERTEX_POINT('',#3680);
#3680 = CARTESIAN_POINT('',(-11.45,37.5,-15.6));
#3681 = CIRCLE('',#3682,6.);
#3682 = AXIS2_PLACEMENT_3D('',#3683,#3684,#3685);
#3683 = CARTESIAN_POINT('',(-5.45,37.5,-15.6));
#3684 = DIRECTION('',(0.,0.,1.));
#3685 = DIRECTION('',(1.,0.,0.));
#3686 = ORIENTED_EDGE('',*,*,#3687,.T.);
#3687 = EDGE_CURVE('',#3679,#3688,#3690,.T.);
#3688 = VERTEX_POINT('',#3689);
#3689 = CARTESIAN_POINT('',(-11.45,23.2,-15.6));
#3690 = LINE('',#3691,#3692);
#3691 = CARTESIAN_POINT('',(-11.45,37.5,-15.6));
#3692 = VECTOR('',#3693,1.);
#3693 = DIRECTION('',(0.,-1.,0.));
#3694 = ORIENTED_EDGE('',*,*,#3695,.T.);
#3695 = EDGE_CURVE('',#3688,#3627,#3696,.T.);
#3696 = CIRCLE('',#3697,10.);
#3697 = AXIS2_PLACEMENT_3D('',#3698,#3699,#3700);
#3698 = CARTESIAN_POINT('',(-1.45,23.2,-15.6));
#3699 = DIRECTION('',(0.,0.,1.));
#3700 = DIRECTION('',(1.,0.,0.));
#3701 = FACE_BOUND('',#3702,.F.);
#3702 = EDGE_LOOP('',(#3703,#3713,#3721,#3729));
#3703 = ORIENTED_EDGE('',*,*,#3704,.T.);
#3704 = EDGE_CURVE('',#3705,#3707,#3709,.T.);
#3705 = VERTEX_POINT('',#3706);
#3706 = CARTESIAN_POINT('',(-6.,40.5,-15.6));
#3707 = VERTEX_POINT('',#3708);
#3708 = CARTESIAN_POINT('',(16.6,40.5,-15.6));
#3709 = LINE('',#3710,#3711);
#3710 = CARTESIAN_POINT('',(-6.,40.5,-15.6));
#3711 = VECTOR('',#3712,1.);
#3712 = DIRECTION('',(1.,0.,0.));
#3713 = ORIENTED_EDGE('',*,*,#3714,.T.);
#3714 = EDGE_CURVE('',#3707,#3715,#3717,.T.);
#3715 = VERTEX_POINT('',#3716);
#3716 = CARTESIAN_POINT('',(16.6,28.9,-15.6));
#3717 = LINE('',#3718,#3719);
#3718 = CARTESIAN_POINT('',(16.6,40.5,-15.6));
#3719 = VECTOR('',#3720,1.);
#3720 = DIRECTION('',(0.,-1.,0.));
#3721 = ORIENTED_EDGE('',*,*,#3722,.T.);
#3722 = EDGE_CURVE('',#3715,#3723,#3725,.T.);
#3723 = VERTEX_POINT('',#3724);
#3724 = CARTESIAN_POINT('',(-6.,28.9,-15.6));
#3725 = LINE('',#3726,#3727);
#3726 = CARTESIAN_POINT('',(16.6,28.9,-15.6));
#3727 = VECTOR('',#3728,1.);
#3728 = DIRECTION('',(-1.,0.,0.));
#3729 = ORIENTED_EDGE('',*,*,#3730,.T.);
#3730 = EDGE_CURVE('',#3723,#3705,#3731,.T.);
#3731 = LINE('',#3732,#3733);
#3732 = CARTESIAN_POINT('',(-6.,28.9,-15.6));
#3733 = VECTOR('',#3734,1.);
#3734 = DIRECTION('',(0.,1.,0.));
#3735 = FACE_BOUND('',#3736,.T.);
#3736 = EDGE_LOOP('',(#3737));
#3737 = ORIENTED_EDGE('',*,*,#3738,.T.);
#3738 = EDGE_CURVE('',#3739,#3739,#3741,.T.);
#3739 = VERTEX_POINT('',#3740);
#3740 = CARTESIAN_POINT('',(12.2,18.7,-15.6));
#3741 = CIRCLE('',#3742,1.6);
#3742 = AXIS2_PLACEMENT_3D('',#3743,#3744,#3745);
#3743 = CARTESIAN_POINT('',(10.6,18.7,-15.6));
#3744 = DIRECTION('',(0.,0.,1.));
#3745 = DIRECTION('',(1.,0.,0.));
#3746 = FACE_BOUND('',#3747,.T.);
#3747 = EDGE_LOOP('',(#3748));
#3748 = ORIENTED_EDGE('',*,*,#3749,.T.);
#3749 = EDGE_CURVE('',#3750,#3750,#3752,.T.);
#3750 = VERTEX_POINT('',#3751);
#3751 = CARTESIAN_POINT('',(20.3,34.7,-15.6));
#3752 = CIRCLE('',#3753,1.25);
#3753 = AXIS2_PLACEMENT_3D('',#3754,#3755,#3756);
#3754 = CARTESIAN_POINT('',(19.05,34.7,-15.6));
#3755 = DIRECTION('',(0.,0.,1.));
#3756 = DIRECTION('',(1.,0.,-0.));
#3757 = FACE_BOUND('',#3758,.T.);
#3758 = EDGE_LOOP('',(#3759));
#3759 = ORIENTED_EDGE('',*,*,#3760,.T.);
#3760 = EDGE_CURVE('',#3761,#3761,#3763,.T.);
#3761 = VERTEX_POINT('',#3762);
#3762 = CARTESIAN_POINT('',(-7.2,34.7,-15.6));
#3763 = CIRCLE('',#3764,1.25);
#3764 = AXIS2_PLACEMENT_3D('',#3765,#3766,#3767);
#3765 = CARTESIAN_POINT('',(-8.45,34.7,-15.6));
#3766 = DIRECTION('',(0.,0.,1.));
#3767 = DIRECTION('',(1.,0.,-0.));
#3768 = PLANE('',#3769);
#3769 = AXIS2_PLACEMENT_3D('',#3770,#3771,#3772);
#3770 = CARTESIAN_POINT('',(5.886254623261,30.60118283085,-15.6));
#3771 = DIRECTION('',(0.,0.,1.));
#3772 = DIRECTION('',(1.,0.,0.));
#3773 = ADVANCED_FACE('',(#3774),#3785,.T.);
#3774 = FACE_BOUND('',#3775,.F.);
#3775 = EDGE_LOOP('',(#3776,#3782,#3783,#3784));
#3776 = ORIENTED_EDGE('',*,*,#3777,.T.);
#3777 = EDGE_CURVE('',#3688,#3392,#3778,.T.);
#3778 = LINE('',#3779,#3780);
#3779 = CARTESIAN_POINT('',(-11.45,23.2,-15.6));
#3780 = VECTOR('',#3781,1.);
#3781 = DIRECTION('',(0.,0.,1.));
#3782 = ORIENTED_EDGE('',*,*,#3391,.T.);
#3783 = ORIENTED_EDGE('',*,*,#3626,.F.);
#3784 = ORIENTED_EDGE('',*,*,#3695,.F.);
#3785 = CYLINDRICAL_SURFACE('',#3786,10.);
#3786 = AXIS2_PLACEMENT_3D('',#3787,#3788,#3789);
#3787 = CARTESIAN_POINT('',(-1.45,23.2,-15.6));
#3788 = DIRECTION('',(-0.,-0.,-1.));
#3789 = DIRECTION('',(1.,0.,0.));
#3790 = ADVANCED_FACE('',(#3791),#3802,.F.);
#3791 = FACE_BOUND('',#3792,.F.);
#3792 = EDGE_LOOP('',(#3793,#3799,#3800,#3801));
#3793 = ORIENTED_EDGE('',*,*,#3794,.T.);
#3794 = EDGE_CURVE('',#3679,#3459,#3795,.T.);
#3795 = LINE('',#3796,#3797);
#3796 = CARTESIAN_POINT('',(-11.45,37.5,-15.6));
#3797 = VECTOR('',#3798,1.);
#3798 = DIRECTION('',(0.,0.,1.));
#3799 = ORIENTED_EDGE('',*,*,#3467,.T.);
#3800 = ORIENTED_EDGE('',*,*,#3777,.F.);
#3801 = ORIENTED_EDGE('',*,*,#3687,.F.);
#3802 = PLANE('',#3803);
#3803 = AXIS2_PLACEMENT_3D('',#3804,#3805,#3806);
#3804 = CARTESIAN_POINT('',(-11.45,37.5,-15.6));
#3805 = DIRECTION('',(1.,0.,0.));
#3806 = DIRECTION('',(0.,-1.,0.));
#3807 = ADVANCED_FACE('',(#3808),#3814,.T.);
#3808 = FACE_BOUND('',#3809,.F.);
#3809 = EDGE_LOOP('',(#3810,#3811,#3812,#3813));
#3810 = ORIENTED_EDGE('',*,*,#3604,.T.);
#3811 = ORIENTED_EDGE('',*,*,#3458,.T.);
#3812 = ORIENTED_EDGE('',*,*,#3794,.F.);
#3813 = ORIENTED_EDGE('',*,*,#3678,.F.);
#3814 = CYLINDRICAL_SURFACE('',#3815,6.);
#3815 = AXIS2_PLACEMENT_3D('',#3816,#3817,#3818);
#3816 = CARTESIAN_POINT('',(-5.45,37.5,-15.6));
#3817 = DIRECTION('',(-0.,-0.,-1.));
#3818 = DIRECTION('',(1.,0.,0.));
#3819 = ADVANCED_FACE('',(#3820),#3846,.F.);
#3820 = FACE_BOUND('',#3821,.F.);
#3821 = EDGE_LOOP('',(#3822,#3830,#3838,#3844,#3845));
#3822 = ORIENTED_EDGE('',*,*,#3823,.T.);
#3823 = EDGE_CURVE('',#3411,#3824,#3826,.T.);
#3824 = VERTEX_POINT('',#3825);
#3825 = CARTESIAN_POINT('',(-2.4029E-11,21.2,-13.));
#3826 = LINE('',#3827,#3828);
#3827 = CARTESIAN_POINT('',(-2.402879E-11,21.2,-14.));
#3828 = VECTOR('',#3829,1.);
#3829 = DIRECTION('',(0.,0.,1.));
#3830 = ORIENTED_EDGE('',*,*,#3831,.T.);
#3831 = EDGE_CURVE('',#3824,#3832,#3834,.T.);
#3832 = VERTEX_POINT('',#3833);
#3833 = CARTESIAN_POINT('',(-2.4029E-11,14.2,-6.));
#3834 = LINE('',#3835,#3836);
#3835 = CARTESIAN_POINT('',(-2.402897E-11,19.7,-11.5));
#3836 = VECTOR('',#3837,1.);
#3837 = DIRECTION('',(0.,-0.707106781187,0.707106781187));
#3838 = ORIENTED_EDGE('',*,*,#3839,.T.);
#3839 = EDGE_CURVE('',#3832,#3653,#3840,.T.);
#3840 = LINE('',#3841,#3842);
#3841 = CARTESIAN_POINT('',(-2.40288E-11,21.2,-6.));
#3842 = VECTOR('',#3843,1.);
#3843 = DIRECTION('',(0.,-1.,0.));
#3844 = ORIENTED_EDGE('',*,*,#3660,.F.);
#3845 = ORIENTED_EDGE('',*,*,#3410,.F.);
#3846 = PLANE('',#3847);
#3847 = AXIS2_PLACEMENT_3D('',#3848,#3849,#3850);
#3848 = CARTESIAN_POINT('',(-2.40288E-11,21.2,-14.));
#3849 = DIRECTION('',(1.,0.,0.));
#3850 = DIRECTION('',(0.,-1.,0.));
#3851 = ADVANCED_FACE('',(#3852),#3870,.F.);
#3852 = FACE_BOUND('',#3853,.F.);
#3853 = EDGE_LOOP('',(#3854,#3862,#3868,#3869));
#3854 = ORIENTED_EDGE('',*,*,#3855,.T.);
#3855 = EDGE_CURVE('',#3419,#3856,#3858,.T.);
#3856 = VERTEX_POINT('',#3857);
#3857 = CARTESIAN_POINT('',(1.6,21.2,-13.));
#3858 = LINE('',#3859,#3860);
#3859 = CARTESIAN_POINT('',(1.6,21.2,-14.));
#3860 = VECTOR('',#3861,1.);
#3861 = DIRECTION('',(0.,0.,1.));
#3862 = ORIENTED_EDGE('',*,*,#3863,.T.);
#3863 = EDGE_CURVE('',#3856,#3824,#3864,.T.);
#3864 = LINE('',#3865,#3866);
#3865 = CARTESIAN_POINT('',(1.6,21.2,-13.));
#3866 = VECTOR('',#3867,1.);
#3867 = DIRECTION('',(-1.,0.,0.));
#3868 = ORIENTED_EDGE('',*,*,#3823,.F.);
#3869 = ORIENTED_EDGE('',*,*,#3418,.F.);
#3870 = PLANE('',#3871);
#3871 = AXIS2_PLACEMENT_3D('',#3872,#3873,#3874);
#3872 = CARTESIAN_POINT('',(1.6,21.2,-14.));
#3873 = DIRECTION('',(0.,-1.,0.));
#3874 = DIRECTION('',(-1.,0.,0.));
#3875 = ADVANCED_FACE('',(#3876),#3895,.F.);
#3876 = FACE_BOUND('',#3877,.F.);
#3877 = EDGE_LOOP('',(#3878,#3879,#3880,#3881,#3889));
#3878 = ORIENTED_EDGE('',*,*,#3855,.F.);
#3879 = ORIENTED_EDGE('',*,*,#3426,.F.);
#3880 = ORIENTED_EDGE('',*,*,#3644,.T.);
#3881 = ORIENTED_EDGE('',*,*,#3882,.T.);
#3882 = EDGE_CURVE('',#3645,#3883,#3885,.T.);
#3883 = VERTEX_POINT('',#3884);
#3884 = CARTESIAN_POINT('',(1.6,14.2,-6.));
#3885 = LINE('',#3886,#3887);
#3886 = CARTESIAN_POINT('',(1.6,13.2,-6.));
#3887 = VECTOR('',#3888,1.);
#3888 = DIRECTION('',(0.,1.,0.));
#3889 = ORIENTED_EDGE('',*,*,#3890,.F.);
#3890 = EDGE_CURVE('',#3856,#3883,#3891,.T.);
#3891 = LINE('',#3892,#3893);
#3892 = CARTESIAN_POINT('',(1.6,17.7,-9.5));
#3893 = VECTOR('',#3894,1.);
#3894 = DIRECTION('',(0.,-0.707106781187,0.707106781187));
#3895 = PLANE('',#3896);
#3896 = AXIS2_PLACEMENT_3D('',#3897,#3898,#3899);
#3897 = CARTESIAN_POINT('',(1.6,13.2,-14.));
#3898 = DIRECTION('',(-1.,0.,0.));
#3899 = DIRECTION('',(0.,1.,0.));
#3900 = ADVANCED_FACE('',(#3901),#3912,.F.);
#3901 = FACE_BOUND('',#3902,.T.);
#3902 = EDGE_LOOP('',(#3903,#3909,#3910,#3911));
#3903 = ORIENTED_EDGE('',*,*,#3904,.T.);
#3904 = EDGE_CURVE('',#3739,#3476,#3905,.T.);
#3905 = LINE('',#3906,#3907);
#3906 = CARTESIAN_POINT('',(12.2,18.7,-15.6));
#3907 = VECTOR('',#3908,1.);
#3908 = DIRECTION('',(0.,0.,1.));
#3909 = ORIENTED_EDGE('',*,*,#3475,.T.);
#3910 = ORIENTED_EDGE('',*,*,#3904,.F.);
#3911 = ORIENTED_EDGE('',*,*,#3738,.F.);
#3912 = CYLINDRICAL_SURFACE('',#3913,1.6);
#3913 = AXIS2_PLACEMENT_3D('',#3914,#3915,#3916);
#3914 = CARTESIAN_POINT('',(10.6,18.7,-15.6));
#3915 = DIRECTION('',(-0.,-0.,-1.));
#3916 = DIRECTION('',(1.,0.,0.));
#3917 = ADVANCED_FACE('',(#3918),#3944,.T.);
#3918 = FACE_BOUND('',#3919,.F.);
#3919 = EDGE_LOOP('',(#3920,#3928,#3937,#3943));
#3920 = ORIENTED_EDGE('',*,*,#3921,.T.);
#3921 = EDGE_CURVE('',#3487,#3922,#3924,.T.);
#3922 = VERTEX_POINT('',#3923);
#3923 = CARTESIAN_POINT('',(17.4,33.48344749394,-7.1));
#3924 = LINE('',#3925,#3926);
#3925 = CARTESIAN_POINT('',(17.4,33.48344749394,-14.));
#3926 = VECTOR('',#3927,1.);
#3927 = DIRECTION('',(0.,0.,1.));
#3928 = ORIENTED_EDGE('',*,*,#3929,.T.);
#3929 = EDGE_CURVE('',#3922,#3930,#3932,.T.);
#3930 = VERTEX_POINT('',#3931);
#3931 = CARTESIAN_POINT('',(17.4,35.91655250606,-7.1));
#3932 = CIRCLE('',#3933,2.05);
#3933 = AXIS2_PLACEMENT_3D('',#3934,#3935,#3936);
#3934 = CARTESIAN_POINT('',(19.05,34.7,-7.1));
#3935 = DIRECTION('',(0.,0.,1.));
#3936 = DIRECTION('',(1.,0.,0.));
#3937 = ORIENTED_EDGE('',*,*,#3938,.F.);
#3938 = EDGE_CURVE('',#3489,#3930,#3939,.T.);
#3939 = LINE('',#3940,#3941);
#3940 = CARTESIAN_POINT('',(17.4,35.91655250606,-14.));
#3941 = VECTOR('',#3942,1.);
#3942 = DIRECTION('',(0.,0.,1.));
#3943 = ORIENTED_EDGE('',*,*,#3486,.F.);
#3944 = CYLINDRICAL_SURFACE('',#3945,2.05);
#3945 = AXIS2_PLACEMENT_3D('',#3946,#3947,#3948);
#3946 = CARTESIAN_POINT('',(19.05,34.7,-14.));
#3947 = DIRECTION('',(-0.,-0.,-1.));
#3948 = DIRECTION('',(1.,0.,0.));
#3949 = ADVANCED_FACE('',(#3950),#3968,.F.);
#3950 = FACE_BOUND('',#3951,.F.);
#3951 = EDGE_LOOP('',(#3952,#3953,#3961,#3967));
#3952 = ORIENTED_EDGE('',*,*,#3938,.T.);
#3953 = ORIENTED_EDGE('',*,*,#3954,.T.);
#3954 = EDGE_CURVE('',#3930,#3955,#3957,.T.);
#3955 = VERTEX_POINT('',#3956);
#3956 = CARTESIAN_POINT('',(17.4,41.3,-7.1));
#3957 = LINE('',#3958,#3959);
#3958 = CARTESIAN_POINT('',(17.4,35.91655250606,-7.1));
#3959 = VECTOR('',#3960,1.);
#3960 = DIRECTION('',(0.,1.,0.));
#3961 = ORIENTED_EDGE('',*,*,#3962,.F.);
#3962 = EDGE_CURVE('',#3539,#3955,#3963,.T.);
#3963 = LINE('',#3964,#3965);
#3964 = CARTESIAN_POINT('',(17.4,41.3,-14.));
#3965 = VECTOR('',#3966,1.);
#3966 = DIRECTION('',(0.,0.,1.));
#3967 = ORIENTED_EDGE('',*,*,#3546,.F.);
#3968 = PLANE('',#3969);
#3969 = AXIS2_PLACEMENT_3D('',#3970,#3971,#3972);
#3970 = CARTESIAN_POINT('',(17.4,35.91655250606,-14.));
#3971 = DIRECTION('',(-1.,0.,0.));
#3972 = DIRECTION('',(0.,1.,0.));
#3973 = ADVANCED_FACE('',(#3974),#3992,.F.);
#3974 = FACE_BOUND('',#3975,.F.);
#3975 = EDGE_LOOP('',(#3976,#3977,#3985,#3991));
#3976 = ORIENTED_EDGE('',*,*,#3962,.T.);
#3977 = ORIENTED_EDGE('',*,*,#3978,.T.);
#3978 = EDGE_CURVE('',#3955,#3979,#3981,.T.);
#3979 = VERTEX_POINT('',#3980);
#3980 = CARTESIAN_POINT('',(-6.8,41.3,-7.1));
#3981 = LINE('',#3982,#3983);
#3982 = CARTESIAN_POINT('',(17.4,41.3,-7.1));
#3983 = VECTOR('',#3984,1.);
#3984 = DIRECTION('',(-1.,0.,0.));
#3985 = ORIENTED_EDGE('',*,*,#3986,.F.);
#3986 = EDGE_CURVE('',#3531,#3979,#3987,.T.);
#3987 = LINE('',#3988,#3989);
#3988 = CARTESIAN_POINT('',(-6.8,41.3,-14.));
#3989 = VECTOR('',#3990,1.);
#3990 = DIRECTION('',(0.,0.,1.));
#3991 = ORIENTED_EDGE('',*,*,#3538,.F.);
#3992 = PLANE('',#3993);
#3993 = AXIS2_PLACEMENT_3D('',#3994,#3995,#3996);
#3994 = CARTESIAN_POINT('',(17.4,41.3,-14.));
#3995 = DIRECTION('',(0.,-1.,0.));
#3996 = DIRECTION('',(-1.,0.,0.));
#3997 = ADVANCED_FACE('',(#3998),#4016,.F.);
#3998 = FACE_BOUND('',#3999,.F.);
#3999 = EDGE_LOOP('',(#4000,#4001,#4009,#4015));
#4000 = ORIENTED_EDGE('',*,*,#3986,.T.);
#4001 = ORIENTED_EDGE('',*,*,#4002,.T.);
#4002 = EDGE_CURVE('',#3979,#4003,#4005,.T.);
#4003 = VERTEX_POINT('',#4004);
#4004 = CARTESIAN_POINT('',(-6.8,35.91655250606,-7.1));
#4005 = LINE('',#4006,#4007);
#4006 = CARTESIAN_POINT('',(-6.8,41.3,-7.1));
#4007 = VECTOR('',#4008,1.);
#4008 = DIRECTION('',(0.,-1.,0.));
#4009 = ORIENTED_EDGE('',*,*,#4010,.F.);
#4010 = EDGE_CURVE('',#3522,#4003,#4011,.T.);
#4011 = LINE('',#4012,#4013);
#4012 = CARTESIAN_POINT('',(-6.8,35.91655250606,-14.));
#4013 = VECTOR('',#4014,1.);
#4014 = DIRECTION('',(0.,0.,1.));
#4015 = ORIENTED_EDGE('',*,*,#3530,.F.);
#4016 = PLANE('',#4017);
#4017 = AXIS2_PLACEMENT_3D('',#4018,#4019,#4020);
#4018 = CARTESIAN_POINT('',(-6.8,41.3,-14.));
#4019 = DIRECTION('',(1.,0.,0.));
#4020 = DIRECTION('',(0.,-1.,0.));
#4021 = ADVANCED_FACE('',(#4022),#4041,.T.);
#4022 = FACE_BOUND('',#4023,.F.);
#4023 = EDGE_LOOP('',(#4024,#4025,#4034,#4040));
#4024 = ORIENTED_EDGE('',*,*,#4010,.T.);
#4025 = ORIENTED_EDGE('',*,*,#4026,.T.);
#4026 = EDGE_CURVE('',#4003,#4027,#4029,.T.);
#4027 = VERTEX_POINT('',#4028);
#4028 = CARTESIAN_POINT('',(-6.799999999988,33.483447493945,-7.1));
#4029 = CIRCLE('',#4030,2.05);
#4030 = AXIS2_PLACEMENT_3D('',#4031,#4032,#4033);
#4031 = CARTESIAN_POINT('',(-8.45,34.7,-7.1));
#4032 = DIRECTION('',(0.,0.,1.));
#4033 = DIRECTION('',(1.,0.,0.));
#4034 = ORIENTED_EDGE('',*,*,#4035,.F.);
#4035 = EDGE_CURVE('',#3514,#4027,#4036,.T.);
#4036 = LINE('',#4037,#4038);
#4037 = CARTESIAN_POINT('',(-6.799999999988,33.483447493945,-14.));
#4038 = VECTOR('',#4039,1.);
#4039 = DIRECTION('',(0.,0.,1.));
#4040 = ORIENTED_EDGE('',*,*,#3521,.F.);
#4041 = CYLINDRICAL_SURFACE('',#4042,2.05);
#4042 = AXIS2_PLACEMENT_3D('',#4043,#4044,#4045);
#4043 = CARTESIAN_POINT('',(-8.45,34.7,-14.));
#4044 = DIRECTION('',(-0.,-0.,-1.));
#4045 = DIRECTION('',(1.,0.,0.));
#4046 = ADVANCED_FACE('',(#4047),#4065,.F.);
#4047 = FACE_BOUND('',#4048,.F.);
#4048 = EDGE_LOOP('',(#4049,#4050,#4058,#4064));
#4049 = ORIENTED_EDGE('',*,*,#4035,.T.);
#4050 = ORIENTED_EDGE('',*,*,#4051,.T.);
#4051 = EDGE_CURVE('',#4027,#4052,#4054,.T.);
#4052 = VERTEX_POINT('',#4053);
#4053 = CARTESIAN_POINT('',(-6.799999999982,28.1,-7.1));
#4054 = LINE('',#4055,#4056);
#4055 = CARTESIAN_POINT('',(-6.799999999982,33.48344749394,-7.1));
#4056 = VECTOR('',#4057,1.);
#4057 = DIRECTION('',(0.,-1.,0.));
#4058 = ORIENTED_EDGE('',*,*,#4059,.F.);
#4059 = EDGE_CURVE('',#3506,#4052,#4060,.T.);
#4060 = LINE('',#4061,#4062);
#4061 = CARTESIAN_POINT('',(-6.799999999982,28.1,-14.));
#4062 = VECTOR('',#4063,1.);
#4063 = DIRECTION('',(0.,0.,1.));
#4064 = ORIENTED_EDGE('',*,*,#3513,.F.);
#4065 = PLANE('',#4066);
#4066 = AXIS2_PLACEMENT_3D('',#4067,#4068,#4069);
#4067 = CARTESIAN_POINT('',(-6.799999999982,33.48344749394,-14.));
#4068 = DIRECTION('',(1.,0.,0.));
#4069 = DIRECTION('',(0.,-1.,0.));
#4070 = ADVANCED_FACE('',(#4071),#4089,.F.);
#4071 = FACE_BOUND('',#4072,.F.);
#4072 = EDGE_LOOP('',(#4073,#4074,#4082,#4088));
#4073 = ORIENTED_EDGE('',*,*,#4059,.T.);
#4074 = ORIENTED_EDGE('',*,*,#4075,.T.);
#4075 = EDGE_CURVE('',#4052,#4076,#4078,.T.);
#4076 = VERTEX_POINT('',#4077);
#4077 = CARTESIAN_POINT('',(17.4,28.1,-7.1));
#4078 = LINE('',#4079,#4080);
#4079 = CARTESIAN_POINT('',(-6.799999999982,28.1,-7.1));
#4080 = VECTOR('',#4081,1.);
#4081 = DIRECTION('',(1.,0.,0.));
#4082 = ORIENTED_EDGE('',*,*,#4083,.F.);
#4083 = EDGE_CURVE('',#3498,#4076,#4084,.T.);
#4084 = LINE('',#4085,#4086);
#4085 = CARTESIAN_POINT('',(17.4,28.1,-14.));
#4086 = VECTOR('',#4087,1.);
#4087 = DIRECTION('',(0.,0.,1.));
#4088 = ORIENTED_EDGE('',*,*,#3505,.F.);
#4089 = PLANE('',#4090);
#4090 = AXIS2_PLACEMENT_3D('',#4091,#4092,#4093);
#4091 = CARTESIAN_POINT('',(-6.799999999982,28.1,-14.));
#4092 = DIRECTION('',(0.,1.,0.));
#4093 = DIRECTION('',(1.,0.,0.));
#4094 = ADVANCED_FACE('',(#4095),#4106,.F.);
#4095 = FACE_BOUND('',#4096,.F.);
#4096 = EDGE_LOOP('',(#4097,#4098,#4104,#4105));
#4097 = ORIENTED_EDGE('',*,*,#4083,.T.);
#4098 = ORIENTED_EDGE('',*,*,#4099,.T.);
#4099 = EDGE_CURVE('',#4076,#3922,#4100,.T.);
#4100 = LINE('',#4101,#4102);
#4101 = CARTESIAN_POINT('',(17.4,28.1,-7.1));
#4102 = VECTOR('',#4103,1.);
#4103 = DIRECTION('',(0.,1.,0.));
#4104 = ORIENTED_EDGE('',*,*,#3921,.F.);
#4105 = ORIENTED_EDGE('',*,*,#3497,.F.);
#4106 = PLANE('',#4107);
#4107 = AXIS2_PLACEMENT_3D('',#4108,#4109,#4110);
#4108 = CARTESIAN_POINT('',(17.4,28.1,-14.));
#4109 = DIRECTION('',(-1.,0.,0.));
#4110 = DIRECTION('',(0.,1.,0.));
#4111 = ADVANCED_FACE('',(#4112),#4123,.T.);
#4112 = FACE_BOUND('',#4113,.T.);
#4113 = EDGE_LOOP('',(#4114,#4115,#4121,#4122));
#4114 = ORIENTED_EDGE('',*,*,#3882,.T.);
#4115 = ORIENTED_EDGE('',*,*,#4116,.T.);
#4116 = EDGE_CURVE('',#3883,#3832,#4117,.T.);
#4117 = LINE('',#4118,#4119);
#4118 = CARTESIAN_POINT('',(1.6,14.2,-6.));
#4119 = VECTOR('',#4120,1.);
#4120 = DIRECTION('',(-1.,0.,0.));
#4121 = ORIENTED_EDGE('',*,*,#3839,.T.);
#4122 = ORIENTED_EDGE('',*,*,#3652,.T.);
#4123 = PLANE('',#4124);
#4124 = AXIS2_PLACEMENT_3D('',#4125,#4126,#4127);
#4125 = CARTESIAN_POINT('',(10.599999999982,17.2,-6.));
#4126 = DIRECTION('',(0.,0.,1.));
#4127 = DIRECTION('',(1.,0.,0.));
#4128 = ADVANCED_FACE('',(#4129),#4135,.F.);
#4129 = FACE_BOUND('',#4130,.T.);
#4130 = EDGE_LOOP('',(#4131,#4132,#4133,#4134));
#4131 = ORIENTED_EDGE('',*,*,#3890,.F.);
#4132 = ORIENTED_EDGE('',*,*,#3863,.T.);
#4133 = ORIENTED_EDGE('',*,*,#3831,.T.);
#4134 = ORIENTED_EDGE('',*,*,#4116,.F.);
#4135 = PLANE('',#4136);
#4136 = AXIS2_PLACEMENT_3D('',#4137,#4138,#4139);
#4137 = CARTESIAN_POINT('',(1.6,17.7,-9.5));
#4138 = DIRECTION('',(2.E-17,-0.707106781187,-0.707106781187));
#4139 = DIRECTION('',(1.,1.414213562373E-17,1.414213562373E-17));
#4140 = ADVANCED_FACE('',(#4141,#4151,#4185,#4196),#4207,.T.);
#4141 = FACE_BOUND('',#4142,.T.);
#4142 = EDGE_LOOP('',(#4143,#4144,#4145,#4146,#4147,#4148,#4149,#4150));
#4143 = ORIENTED_EDGE('',*,*,#3929,.T.);
#4144 = ORIENTED_EDGE('',*,*,#3954,.T.);
#4145 = ORIENTED_EDGE('',*,*,#3978,.T.);
#4146 = ORIENTED_EDGE('',*,*,#4002,.T.);
#4147 = ORIENTED_EDGE('',*,*,#4026,.T.);
#4148 = ORIENTED_EDGE('',*,*,#4051,.T.);
#4149 = ORIENTED_EDGE('',*,*,#4075,.T.);
#4150 = ORIENTED_EDGE('',*,*,#4099,.T.);
#4151 = FACE_BOUND('',#4152,.F.);
#4152 = EDGE_LOOP('',(#4153,#4163,#4171,#4179));
#4153 = ORIENTED_EDGE('',*,*,#4154,.T.);
#4154 = EDGE_CURVE('',#4155,#4157,#4159,.T.);
#4155 = VERTEX_POINT('',#4156);
#4156 = CARTESIAN_POINT('',(-6.,40.5,-7.1));
#4157 = VERTEX_POINT('',#4158);
#4158 = CARTESIAN_POINT('',(-6.,28.9,-7.1));
#4159 = LINE('',#4160,#4161);
#4160 = CARTESIAN_POINT('',(-6.,40.5,-7.1));
#4161 = VECTOR('',#4162,1.);
#4162 = DIRECTION('',(0.,-1.,0.));
#4163 = ORIENTED_EDGE('',*,*,#4164,.T.);
#4164 = EDGE_CURVE('',#4157,#4165,#4167,.T.);
#4165 = VERTEX_POINT('',#4166);
#4166 = CARTESIAN_POINT('',(16.6,28.9,-7.1));
#4167 = LINE('',#4168,#4169);
#4168 = CARTESIAN_POINT('',(-6.,28.9,-7.1));
#4169 = VECTOR('',#4170,1.);
#4170 = DIRECTION('',(1.,0.,0.));
#4171 = ORIENTED_EDGE('',*,*,#4172,.T.);
#4172 = EDGE_CURVE('',#4165,#4173,#4175,.T.);
#4173 = VERTEX_POINT('',#4174);
#4174 = CARTESIAN_POINT('',(16.6,40.5,-7.1));
#4175 = LINE('',#4176,#4177);
#4176 = CARTESIAN_POINT('',(16.6,28.9,-7.1));
#4177 = VECTOR('',#4178,1.);
#4178 = DIRECTION('',(0.,1.,0.));
#4179 = ORIENTED_EDGE('',*,*,#4180,.T.);
#4180 = EDGE_CURVE('',#4173,#4155,#4181,.T.);
#4181 = LINE('',#4182,#4183);
#4182 = CARTESIAN_POINT('',(16.6,40.5,-7.1));
#4183 = VECTOR('',#4184,1.);
#4184 = DIRECTION('',(-1.,0.,0.));
#4185 = FACE_BOUND('',#4186,.F.);
#4186 = EDGE_LOOP('',(#4187));
#4187 = ORIENTED_EDGE('',*,*,#4188,.T.);
#4188 = EDGE_CURVE('',#4189,#4189,#4191,.T.);
#4189 = VERTEX_POINT('',#4190);
#4190 = CARTESIAN_POINT('',(-7.2,34.7,-7.1));
#4191 = CIRCLE('',#4192,1.25);
#4192 = AXIS2_PLACEMENT_3D('',#4193,#4194,#4195);
#4193 = CARTESIAN_POINT('',(-8.45,34.7,-7.1));
#4194 = DIRECTION('',(0.,0.,1.));
#4195 = DIRECTION('',(1.,0.,-0.));
#4196 = FACE_BOUND('',#4197,.F.);
#4197 = EDGE_LOOP('',(#4198));
#4198 = ORIENTED_EDGE('',*,*,#4199,.T.);
#4199 = EDGE_CURVE('',#4200,#4200,#4202,.T.);
#4200 = VERTEX_POINT('',#4201);
#4201 = CARTESIAN_POINT('',(20.3,34.7,-7.1));
#4202 = CIRCLE('',#4203,1.25);
#4203 = AXIS2_PLACEMENT_3D('',#4204,#4205,#4206);
#4204 = CARTESIAN_POINT('',(19.05,34.7,-7.1));
#4205 = DIRECTION('',(0.,0.,1.));
#4206 = DIRECTION('',(1.,0.,-0.));
#4207 = PLANE('',#4208);
#4208 = AXIS2_PLACEMENT_3D('',#4209,#4210,#4211);
#4209 = CARTESIAN_POINT('',(5.300000000001,34.700000000001,-7.1));
#4210 = DIRECTION('',(0.,0.,1.));
#4211 = DIRECTION('',(1.,0.,0.));
#4212 = ADVANCED_FACE('',(#4213),#4229,.T.);
#4213 = FACE_BOUND('',#4214,.T.);
#4214 = EDGE_LOOP('',(#4215,#4216,#4222,#4223));
#4215 = ORIENTED_EDGE('',*,*,#3704,.T.);
#4216 = ORIENTED_EDGE('',*,*,#4217,.T.);
#4217 = EDGE_CURVE('',#3707,#4173,#4218,.T.);
#4218 = LINE('',#4219,#4220);
#4219 = CARTESIAN_POINT('',(16.6,40.5,-15.6));
#4220 = VECTOR('',#4221,1.);
#4221 = DIRECTION('',(0.,0.,1.));
#4222 = ORIENTED_EDGE('',*,*,#4180,.T.);
#4223 = ORIENTED_EDGE('',*,*,#4224,.F.);
#4224 = EDGE_CURVE('',#3705,#4155,#4225,.T.);
#4225 = LINE('',#4226,#4227);
#4226 = CARTESIAN_POINT('',(-6.,40.5,-14.));
#4227 = VECTOR('',#4228,1.);
#4228 = DIRECTION('',(0.,0.,1.));
#4229 = PLANE('',#4230);
#4230 = AXIS2_PLACEMENT_3D('',#4231,#4232,#4233);
#4231 = CARTESIAN_POINT('',(5.3,40.5,-11.35));
#4232 = DIRECTION('',(-0.,-1.,-0.));
#4233 = DIRECTION('',(0.,0.,-1.));
#4234 = ADVANCED_FACE('',(#4235),#4246,.T.);
#4235 = FACE_BOUND('',#4236,.T.);
#4236 = EDGE_LOOP('',(#4237,#4238,#4239,#4245));
#4237 = ORIENTED_EDGE('',*,*,#4217,.F.);
#4238 = ORIENTED_EDGE('',*,*,#3714,.T.);
#4239 = ORIENTED_EDGE('',*,*,#4240,.T.);
#4240 = EDGE_CURVE('',#3715,#4165,#4241,.T.);
#4241 = LINE('',#4242,#4243);
#4242 = CARTESIAN_POINT('',(16.6,28.9,-15.6));
#4243 = VECTOR('',#4244,1.);
#4244 = DIRECTION('',(0.,0.,1.));
#4245 = ORIENTED_EDGE('',*,*,#4172,.T.);
#4246 = PLANE('',#4247);
#4247 = AXIS2_PLACEMENT_3D('',#4248,#4249,#4250);
#4248 = CARTESIAN_POINT('',(16.6,34.7,-11.35));
#4249 = DIRECTION('',(-1.,-0.,-0.));
#4250 = DIRECTION('',(0.,0.,-1.));
#4251 = ADVANCED_FACE('',(#4252),#4263,.T.);
#4252 = FACE_BOUND('',#4253,.T.);
#4253 = EDGE_LOOP('',(#4254,#4255,#4256,#4262));
#4254 = ORIENTED_EDGE('',*,*,#4240,.F.);
#4255 = ORIENTED_EDGE('',*,*,#3722,.T.);
#4256 = ORIENTED_EDGE('',*,*,#4257,.T.);
#4257 = EDGE_CURVE('',#3723,#4157,#4258,.T.);
#4258 = LINE('',#4259,#4260);
#4259 = CARTESIAN_POINT('',(-6.,28.9,-15.6));
#4260 = VECTOR('',#4261,1.);
#4261 = DIRECTION('',(0.,0.,1.));
#4262 = ORIENTED_EDGE('',*,*,#4164,.T.);
#4263 = PLANE('',#4264);
#4264 = AXIS2_PLACEMENT_3D('',#4265,#4266,#4267);
#4265 = CARTESIAN_POINT('',(5.3,28.9,-11.35));
#4266 = DIRECTION('',(0.,1.,0.));
#4267 = DIRECTION('',(0.,-0.,1.));
#4268 = ADVANCED_FACE('',(#4269),#4275,.T.);
#4269 = FACE_BOUND('',#4270,.T.);
#4270 = EDGE_LOOP('',(#4271,#4272,#4273,#4274));
#4271 = ORIENTED_EDGE('',*,*,#4257,.F.);
#4272 = ORIENTED_EDGE('',*,*,#3730,.T.);
#4273 = ORIENTED_EDGE('',*,*,#4224,.T.);
#4274 = ORIENTED_EDGE('',*,*,#4154,.T.);
#4275 = PLANE('',#4276);
#4276 = AXIS2_PLACEMENT_3D('',#4277,#4278,#4279);
#4277 = CARTESIAN_POINT('',(-6.,34.7,-11.35));
#4278 = DIRECTION('',(1.,0.,0.));
#4279 = DIRECTION('',(0.,0.,1.));
#4280 = ADVANCED_FACE('',(#4281),#4291,.F.);
#4281 = FACE_BOUND('',#4282,.T.);
#4282 = EDGE_LOOP('',(#4283,#4284,#4289,#4290));
#4283 = ORIENTED_EDGE('',*,*,#3749,.F.);
#4284 = ORIENTED_EDGE('',*,*,#4285,.F.);
#4285 = EDGE_CURVE('',#4200,#3750,#4286,.T.);
#4286 = B_SPLINE_CURVE_WITH_KNOTS('',1,(#4287,#4288),.UNSPECIFIED.,.F.,
  .F.,(2,2),(-8.5,0.),.PIECEWISE_BEZIER_KNOTS.);
#4287 = CARTESIAN_POINT('',(20.3,34.7,-7.1));
#4288 = CARTESIAN_POINT('',(20.3,34.7,-15.6));
#4289 = ORIENTED_EDGE('',*,*,#4199,.T.);
#4290 = ORIENTED_EDGE('',*,*,#4285,.T.);
#4291 = CYLINDRICAL_SURFACE('',#4292,1.25);
#4292 = AXIS2_PLACEMENT_3D('',#4293,#4294,#4295);
#4293 = CARTESIAN_POINT('',(19.05,34.7,-15.6));
#4294 = DIRECTION('',(-0.,-0.,-1.));
#4295 = DIRECTION('',(1.,0.,0.));
#4296 = ADVANCED_FACE('',(#4297),#4307,.F.);
#4297 = FACE_BOUND('',#4298,.T.);
#4298 = EDGE_LOOP('',(#4299,#4300,#4305,#4306));
#4299 = ORIENTED_EDGE('',*,*,#3760,.F.);
#4300 = ORIENTED_EDGE('',*,*,#4301,.F.);
#4301 = EDGE_CURVE('',#4189,#3761,#4302,.T.);
#4302 = B_SPLINE_CURVE_WITH_KNOTS('',1,(#4303,#4304),.UNSPECIFIED.,.F.,
  .F.,(2,2),(-8.5,0.),.PIECEWISE_BEZIER_KNOTS.);
#4303 = CARTESIAN_POINT('',(-7.2,34.7,-7.1));
#4304 = CARTESIAN_POINT('',(-7.2,34.7,-15.6));
#4305 = ORIENTED_EDGE('',*,*,#4188,.T.);
#4306 = ORIENTED_EDGE('',*,*,#4301,.T.);
#4307 = CYLINDRICAL_SURFACE('',#4308,1.25);
#4308 = AXIS2_PLACEMENT_3D('',#4309,#4310,#4311);
#4309 = CARTESIAN_POINT('',(-8.45,34.7,-15.6));
#4310 = DIRECTION('',(-0.,-0.,-1.));
#4311 = DIRECTION('',(1.,0.,0.));
#4312 = ( GEOMETRIC_REPRESENTATION_CONTEXT(3) 
GLOBAL_UNCERTAINTY_ASSIGNED_CONTEXT((#4316)) 
GLOBAL_UNIT_ASSIGNED_CONTEXT((#4313,#4314,#4315)) REPRESENTATION_CONTEXT
('Context #1','3D Context with UNIT and UNCERTAINTY') );
#4313 = ( LENGTH_UNIT() NAMED_UNIT(*) SI_UNIT(.MILLI.,.METRE.) );
#4314 = ( NAMED_UNIT(*) PLANE_ANGLE_UNIT() SI_UNIT($,.RADIAN.) );
#4315 = ( NAMED_UNIT(*) SI_UNIT($,.STERADIAN.) SOLID_ANGLE_UNIT() );
#4316 = UNCERTAINTY_MEASURE_WITH_UNIT(LENGTH_MEASURE(5.E-07),#4313,
  'distance_accuracy_value','confusion accuracy');
#4317 = CONTEXT_DEPENDENT_SHAPE_REPRESENTATION(#4318,#4320);
#4318 = ( REPRESENTATION_RELATIONSHIP('','',#3265,#10) 
REPRESENTATION_RELATIONSHIP_WITH_TRANSFORMATION(#4319) 
SHAPE_REPRESENTATION_RELATIONSHIP() );
#4319 = ITEM_DEFINED_TRANSFORMATION('','',#11,#35);
#4320 = PRODUCT_DEFINITION_SHAPE('Placement','Placement of an item',
  #4321);
#4321 = NEXT_ASSEMBLY_USAGE_OCCURRENCE('6','servo_holder','',#5,#3260,$
  );
#4322 = PRODUCT_RELATED_PRODUCT_CATEGORY('part',$,(#3262));
#4323 = SHAPE_DEFINITION_REPRESENTATION(#4324,#4330);
#4324 = PRODUCT_DEFINITION_SHAPE('','',#4325);
#4325 = PRODUCT_DEFINITION('design','',#4326,#4329);
#4326 = PRODUCT_DEFINITION_FORMATION('','',#4327);
#4327 = PRODUCT('screw_holder','screw_holder','',(#4328));
#4328 = PRODUCT_CONTEXT('',#2,'mechanical');
#4329 = PRODUCT_DEFINITION_CONTEXT('part definition',#2,'design');
#4330 = ADVANCED_BREP_SHAPE_REPRESENTATION('',(#11,#4331),#4832);
#4331 = MANIFOLD_SOLID_BREP('',#4332);
#4332 = CLOSED_SHELL('',(#4333,#4381,#4412,#4436,#4503,#4527,#4576,#4602
    ,#4634,#4658,#4689,#4713,#4730,#4755,#4777,#4803,#4820));
#4333 = ADVANCED_FACE('',(#4334),#4376,.F.);
#4334 = FACE_BOUND('',#4335,.F.);
#4335 = EDGE_LOOP('',(#4336,#4346,#4354,#4362,#4370));
#4336 = ORIENTED_EDGE('',*,*,#4337,.F.);
#4337 = EDGE_CURVE('',#4338,#4340,#4342,.T.);
#4338 = VERTEX_POINT('',#4339);
#4339 = CARTESIAN_POINT('',(19.6,17.2,108.4));
#4340 = VERTEX_POINT('',#4341);
#4341 = CARTESIAN_POINT('',(19.6,17.2,107.4));
#4342 = LINE('',#4343,#4344);
#4343 = CARTESIAN_POINT('',(19.6,17.2,108.4));
#4344 = VECTOR('',#4345,1.);
#4345 = DIRECTION('',(0.,0.,-1.));
#4346 = ORIENTED_EDGE('',*,*,#4347,.F.);
#4347 = EDGE_CURVE('',#4348,#4338,#4350,.T.);
#4348 = VERTEX_POINT('',#4349);
#4349 = CARTESIAN_POINT('',(19.6,13.2,108.4));
#4350 = LINE('',#4351,#4352);
#4351 = CARTESIAN_POINT('',(19.6,13.2,108.4));
#4352 = VECTOR('',#4353,1.);
#4353 = DIRECTION('',(0.,1.,0.));
#4354 = ORIENTED_EDGE('',*,*,#4355,.T.);
#4355 = EDGE_CURVE('',#4348,#4356,#4358,.T.);
#4356 = VERTEX_POINT('',#4357);
#4357 = CARTESIAN_POINT('',(19.6,13.2,104.4));
#4358 = LINE('',#4359,#4360);
#4359 = CARTESIAN_POINT('',(19.6,13.2,108.4));
#4360 = VECTOR('',#4361,1.);
#4361 = DIRECTION('',(0.,0.,-1.));
#4362 = ORIENTED_EDGE('',*,*,#4363,.T.);
#4363 = EDGE_CURVE('',#4356,#4364,#4366,.T.);
#4364 = VERTEX_POINT('',#4365);
#4365 = CARTESIAN_POINT('',(19.6,14.2,104.4));
#4366 = LINE('',#4367,#4368);
#4367 = CARTESIAN_POINT('',(19.6,13.2,104.4));
#4368 = VECTOR('',#4369,1.);
#4369 = DIRECTION('',(0.,1.,0.));
#4370 = ORIENTED_EDGE('',*,*,#4371,.T.);
#4371 = EDGE_CURVE('',#4364,#4340,#4372,.T.);
#4372 = LINE('',#4373,#4374);
#4373 = CARTESIAN_POINT('',(19.6,15.7,105.9));
#4374 = VECTOR('',#4375,1.);
#4375 = DIRECTION('',(0.,0.707106781187,0.707106781187));
#4376 = PLANE('',#4377);
#4377 = AXIS2_PLACEMENT_3D('',#4378,#4379,#4380);
#4378 = CARTESIAN_POINT('',(19.6,13.2,108.4));
#4379 = DIRECTION('',(1.,0.,0.));
#4380 = DIRECTION('',(0.,1.,0.));
#4381 = ADVANCED_FACE('',(#4382),#4407,.F.);
#4382 = FACE_BOUND('',#4383,.F.);
#4383 = EDGE_LOOP('',(#4384,#4385,#4393,#4401));
#4384 = ORIENTED_EDGE('',*,*,#4337,.T.);
#4385 = ORIENTED_EDGE('',*,*,#4386,.T.);
#4386 = EDGE_CURVE('',#4340,#4387,#4389,.T.);
#4387 = VERTEX_POINT('',#4388);
#4388 = CARTESIAN_POINT('',(21.2,17.2,107.4));
#4389 = LINE('',#4390,#4391);
#4390 = CARTESIAN_POINT('',(19.6,17.2,107.4));
#4391 = VECTOR('',#4392,1.);
#4392 = DIRECTION('',(1.,0.,0.));
#4393 = ORIENTED_EDGE('',*,*,#4394,.F.);
#4394 = EDGE_CURVE('',#4395,#4387,#4397,.T.);
#4395 = VERTEX_POINT('',#4396);
#4396 = CARTESIAN_POINT('',(21.2,17.199999999999,108.4));
#4397 = LINE('',#4398,#4399);
#4398 = CARTESIAN_POINT('',(21.2,17.2,108.4));
#4399 = VECTOR('',#4400,1.);
#4400 = DIRECTION('',(0.,0.,-1.));
#4401 = ORIENTED_EDGE('',*,*,#4402,.F.);
#4402 = EDGE_CURVE('',#4338,#4395,#4403,.T.);
#4403 = LINE('',#4404,#4405);
#4404 = CARTESIAN_POINT('',(19.6,17.2,108.4));
#4405 = VECTOR('',#4406,1.);
#4406 = DIRECTION('',(1.,0.,0.));
#4407 = PLANE('',#4408);
#4408 = AXIS2_PLACEMENT_3D('',#4409,#4410,#4411);
#4409 = CARTESIAN_POINT('',(19.6,17.2,108.4));
#4410 = DIRECTION('',(0.,-1.,0.));
#4411 = DIRECTION('',(1.,0.,0.));
#4412 = ADVANCED_FACE('',(#4413),#4431,.T.);
#4413 = FACE_BOUND('',#4414,.F.);
#4414 = EDGE_LOOP('',(#4415,#4416,#4424,#4430));
#4415 = ORIENTED_EDGE('',*,*,#4371,.F.);
#4416 = ORIENTED_EDGE('',*,*,#4417,.T.);
#4417 = EDGE_CURVE('',#4364,#4418,#4420,.T.);
#4418 = VERTEX_POINT('',#4419);
#4419 = CARTESIAN_POINT('',(21.2,14.2,104.4));
#4420 = LINE('',#4421,#4422);
#4421 = CARTESIAN_POINT('',(19.6,14.2,104.4));
#4422 = VECTOR('',#4423,1.);
#4423 = DIRECTION('',(1.,0.,0.));
#4424 = ORIENTED_EDGE('',*,*,#4425,.T.);
#4425 = EDGE_CURVE('',#4418,#4387,#4426,.T.);
#4426 = LINE('',#4427,#4428);
#4427 = CARTESIAN_POINT('',(21.2,15.9,106.1));
#4428 = VECTOR('',#4429,1.);
#4429 = DIRECTION('',(0.,0.707106781187,0.707106781187));
#4430 = ORIENTED_EDGE('',*,*,#4386,.F.);
#4431 = PLANE('',#4432);
#4432 = AXIS2_PLACEMENT_3D('',#4433,#4434,#4435);
#4433 = CARTESIAN_POINT('',(19.6,15.7,105.9));
#4434 = DIRECTION('',(-0.,0.707106781187,-0.707106781187));
#4435 = DIRECTION('',(-1.,-0.,0.));
#4436 = ADVANCED_FACE('',(#4437,#4487),#4498,.F.);
#4437 = FACE_BOUND('',#4438,.F.);
#4438 = EDGE_LOOP('',(#4439,#4447,#4448,#4449,#4457,#4465,#4473,#4481));
#4439 = ORIENTED_EDGE('',*,*,#4440,.F.);
#4440 = EDGE_CURVE('',#4348,#4441,#4443,.T.);
#4441 = VERTEX_POINT('',#4442);
#4442 = CARTESIAN_POINT('',(1.6,13.2,108.4));
#4443 = LINE('',#4444,#4445);
#4444 = CARTESIAN_POINT('',(21.2,13.2,108.4));
#4445 = VECTOR('',#4446,1.);
#4446 = DIRECTION('',(-1.,0.,0.));
#4447 = ORIENTED_EDGE('',*,*,#4347,.T.);
#4448 = ORIENTED_EDGE('',*,*,#4402,.T.);
#4449 = ORIENTED_EDGE('',*,*,#4450,.F.);
#4450 = EDGE_CURVE('',#4451,#4395,#4453,.T.);
#4451 = VERTEX_POINT('',#4452);
#4452 = CARTESIAN_POINT('',(13.699999999941,21.9,108.4));
#4453 = LINE('',#4454,#4455);
#4454 = CARTESIAN_POINT('',(13.699999999941,21.9,108.4));
#4455 = VECTOR('',#4456,1.);
#4456 = DIRECTION('',(0.847362967069,-0.531014126026,0.));
#4457 = ORIENTED_EDGE('',*,*,#4458,.F.);
#4458 = EDGE_CURVE('',#4459,#4451,#4461,.T.);
#4459 = VERTEX_POINT('',#4460);
#4460 = CARTESIAN_POINT('',(7.5,21.9,108.4));
#4461 = LINE('',#4462,#4463);
#4462 = CARTESIAN_POINT('',(7.5,21.9,108.4));
#4463 = VECTOR('',#4464,1.);
#4464 = DIRECTION('',(1.,0.,0.));
#4465 = ORIENTED_EDGE('',*,*,#4466,.F.);
#4466 = EDGE_CURVE('',#4467,#4459,#4469,.T.);
#4467 = VERTEX_POINT('',#4468);
#4468 = CARTESIAN_POINT('',(0.,17.2,108.4));
#4469 = LINE('',#4470,#4471);
#4470 = CARTESIAN_POINT('',(0.,17.2,108.4));
#4471 = VECTOR('',#4472,1.);
#4472 = DIRECTION('',(0.847362967068,0.531014126029,0.));
#4473 = ORIENTED_EDGE('',*,*,#4474,.T.);
#4474 = EDGE_CURVE('',#4467,#4475,#4477,.T.);
#4475 = VERTEX_POINT('',#4476);
#4476 = CARTESIAN_POINT('',(1.6,17.2,108.4));
#4477 = LINE('',#4478,#4479);
#4478 = CARTESIAN_POINT('',(0.,17.2,108.4));
#4479 = VECTOR('',#4480,1.);
#4480 = DIRECTION('',(1.,0.,0.));
#4481 = ORIENTED_EDGE('',*,*,#4482,.T.);
#4482 = EDGE_CURVE('',#4475,#4441,#4483,.T.);
#4483 = LINE('',#4484,#4485);
#4484 = CARTESIAN_POINT('',(1.6,17.2,108.4));
#4485 = VECTOR('',#4486,1.);
#4486 = DIRECTION('',(0.,-1.,0.));
#4487 = FACE_BOUND('',#4488,.F.);
#4488 = EDGE_LOOP('',(#4489));
#4489 = ORIENTED_EDGE('',*,*,#4490,.F.);
#4490 = EDGE_CURVE('',#4491,#4491,#4493,.T.);
#4491 = VERTEX_POINT('',#4492);
#4492 = CARTESIAN_POINT('',(12.2,18.7,108.4));
#4493 = CIRCLE('',#4494,1.6);
#4494 = AXIS2_PLACEMENT_3D('',#4495,#4496,#4497);
#4495 = CARTESIAN_POINT('',(10.6,18.7,108.4));
#4496 = DIRECTION('',(0.,0.,1.));
#4497 = DIRECTION('',(1.,0.,0.));
#4498 = PLANE('',#4499);
#4499 = AXIS2_PLACEMENT_3D('',#4500,#4501,#4502);
#4500 = CARTESIAN_POINT('',(10.599999999998,16.913598430855,108.4));
#4501 = DIRECTION('',(0.,0.,1.));
#4502 = DIRECTION('',(1.,0.,0.));
#4503 = ADVANCED_FACE('',(#4504),#4522,.F.);
#4504 = FACE_BOUND('',#4505,.F.);
#4505 = EDGE_LOOP('',(#4506,#4514,#4515,#4516));
#4506 = ORIENTED_EDGE('',*,*,#4507,.F.);
#4507 = EDGE_CURVE('',#4418,#4508,#4510,.T.);
#4508 = VERTEX_POINT('',#4509);
#4509 = CARTESIAN_POINT('',(21.2,13.2,104.4));
#4510 = LINE('',#4511,#4512);
#4511 = CARTESIAN_POINT('',(21.2,17.2,104.4));
#4512 = VECTOR('',#4513,1.);
#4513 = DIRECTION('',(0.,-1.,0.));
#4514 = ORIENTED_EDGE('',*,*,#4417,.F.);
#4515 = ORIENTED_EDGE('',*,*,#4363,.F.);
#4516 = ORIENTED_EDGE('',*,*,#4517,.F.);
#4517 = EDGE_CURVE('',#4508,#4356,#4518,.T.);
#4518 = LINE('',#4519,#4520);
#4519 = CARTESIAN_POINT('',(21.2,13.2,104.4));
#4520 = VECTOR('',#4521,1.);
#4521 = DIRECTION('',(-1.,0.,0.));
#4522 = PLANE('',#4523);
#4523 = AXIS2_PLACEMENT_3D('',#4524,#4525,#4526);
#4524 = CARTESIAN_POINT('',(10.6,15.2,104.4));
#4525 = DIRECTION('',(0.,0.,1.));
#4526 = DIRECTION('',(1.,0.,0.));
#4527 = ADVANCED_FACE('',(#4528),#4571,.T.);
#4528 = FACE_BOUND('',#4529,.T.);
#4529 = EDGE_LOOP('',(#4530,#4540,#4548,#4556,#4562,#4563,#4564,#4565));
#4530 = ORIENTED_EDGE('',*,*,#4531,.T.);
#4531 = EDGE_CURVE('',#4532,#4534,#4536,.T.);
#4532 = VERTEX_POINT('',#4533);
#4533 = CARTESIAN_POINT('',(21.2,13.2,110.));
#4534 = VERTEX_POINT('',#4535);
#4535 = CARTESIAN_POINT('',(0.,13.2,110.));
#4536 = LINE('',#4537,#4538);
#4537 = CARTESIAN_POINT('',(21.2,13.2,110.));
#4538 = VECTOR('',#4539,1.);
#4539 = DIRECTION('',(-1.,0.,0.));
#4540 = ORIENTED_EDGE('',*,*,#4541,.T.);
#4541 = EDGE_CURVE('',#4534,#4542,#4544,.T.);
#4542 = VERTEX_POINT('',#4543);
#4543 = CARTESIAN_POINT('',(0.,13.2,104.4));
#4544 = LINE('',#4545,#4546);
#4545 = CARTESIAN_POINT('',(0.,13.2,110.));
#4546 = VECTOR('',#4547,1.);
#4547 = DIRECTION('',(-0.,-0.,-1.));
#4548 = ORIENTED_EDGE('',*,*,#4549,.F.);
#4549 = EDGE_CURVE('',#4550,#4542,#4552,.T.);
#4550 = VERTEX_POINT('',#4551);
#4551 = CARTESIAN_POINT('',(1.6,13.2,104.4));
#4552 = LINE('',#4553,#4554);
#4553 = CARTESIAN_POINT('',(1.6,13.2,104.4));
#4554 = VECTOR('',#4555,1.);
#4555 = DIRECTION('',(-1.,0.,0.));
#4556 = ORIENTED_EDGE('',*,*,#4557,.F.);
#4557 = EDGE_CURVE('',#4441,#4550,#4558,.T.);
#4558 = LINE('',#4559,#4560);
#4559 = CARTESIAN_POINT('',(1.6,13.2,108.4));
#4560 = VECTOR('',#4561,1.);
#4561 = DIRECTION('',(0.,0.,-1.));
#4562 = ORIENTED_EDGE('',*,*,#4440,.F.);
#4563 = ORIENTED_EDGE('',*,*,#4355,.T.);
#4564 = ORIENTED_EDGE('',*,*,#4517,.F.);
#4565 = ORIENTED_EDGE('',*,*,#4566,.F.);
#4566 = EDGE_CURVE('',#4532,#4508,#4567,.T.);
#4567 = LINE('',#4568,#4569);
#4568 = CARTESIAN_POINT('',(21.2,13.2,108.4));
#4569 = VECTOR('',#4570,1.);
#4570 = DIRECTION('',(0.,0.,-1.));
#4571 = PLANE('',#4572);
#4572 = AXIS2_PLACEMENT_3D('',#4573,#4574,#4575);
#4573 = CARTESIAN_POINT('',(10.6,13.2,108.26493506493));
#4574 = DIRECTION('',(-0.,-1.,-0.));
#4575 = DIRECTION('',(0.,0.,-1.));
#4576 = ADVANCED_FACE('',(#4577),#4597,.T.);
#4577 = FACE_BOUND('',#4578,.T.);
#4578 = EDGE_LOOP('',(#4579,#4580,#4581,#4582,#4590,#4596));
#4579 = ORIENTED_EDGE('',*,*,#4507,.F.);
#4580 = ORIENTED_EDGE('',*,*,#4425,.T.);
#4581 = ORIENTED_EDGE('',*,*,#4394,.F.);
#4582 = ORIENTED_EDGE('',*,*,#4583,.F.);
#4583 = EDGE_CURVE('',#4584,#4395,#4586,.T.);
#4584 = VERTEX_POINT('',#4585);
#4585 = CARTESIAN_POINT('',(21.2,17.199999999999,110.));
#4586 = LINE('',#4587,#4588);
#4587 = CARTESIAN_POINT('',(21.2,17.199999999999,110.));
#4588 = VECTOR('',#4589,1.);
#4589 = DIRECTION('',(-0.,-0.,-1.));
#4590 = ORIENTED_EDGE('',*,*,#4591,.T.);
#4591 = EDGE_CURVE('',#4584,#4532,#4592,.T.);
#4592 = LINE('',#4593,#4594);
#4593 = CARTESIAN_POINT('',(21.2,17.199999999999,110.));
#4594 = VECTOR('',#4595,1.);
#4595 = DIRECTION('',(0.,-1.,0.));
#4596 = ORIENTED_EDGE('',*,*,#4566,.T.);
#4597 = PLANE('',#4598);
#4598 = AXIS2_PLACEMENT_3D('',#4599,#4600,#4601);
#4599 = CARTESIAN_POINT('',(21.2,15.2,107.2));
#4600 = DIRECTION('',(1.,0.,0.));
#4601 = DIRECTION('',(0.,0.,1.));
#4602 = ADVANCED_FACE('',(#4603),#4629,.F.);
#4603 = FACE_BOUND('',#4604,.F.);
#4604 = EDGE_LOOP('',(#4605,#4613,#4621,#4627,#4628));
#4605 = ORIENTED_EDGE('',*,*,#4606,.T.);
#4606 = EDGE_CURVE('',#4475,#4607,#4609,.T.);
#4607 = VERTEX_POINT('',#4608);
#4608 = CARTESIAN_POINT('',(1.6,17.2,107.4));
#4609 = LINE('',#4610,#4611);
#4610 = CARTESIAN_POINT('',(1.6,17.2,108.4));
#4611 = VECTOR('',#4612,1.);
#4612 = DIRECTION('',(0.,0.,-1.));
#4613 = ORIENTED_EDGE('',*,*,#4614,.T.);
#4614 = EDGE_CURVE('',#4607,#4615,#4617,.T.);
#4615 = VERTEX_POINT('',#4616);
#4616 = CARTESIAN_POINT('',(1.6,14.2,104.4));
#4617 = LINE('',#4618,#4619);
#4618 = CARTESIAN_POINT('',(1.6,16.7,106.9));
#4619 = VECTOR('',#4620,1.);
#4620 = DIRECTION('',(0.,-0.707106781187,-0.707106781187));
#4621 = ORIENTED_EDGE('',*,*,#4622,.T.);
#4622 = EDGE_CURVE('',#4615,#4550,#4623,.T.);
#4623 = LINE('',#4624,#4625);
#4624 = CARTESIAN_POINT('',(1.6,17.2,104.4));
#4625 = VECTOR('',#4626,1.);
#4626 = DIRECTION('',(0.,-1.,0.));
#4627 = ORIENTED_EDGE('',*,*,#4557,.F.);
#4628 = ORIENTED_EDGE('',*,*,#4482,.F.);
#4629 = PLANE('',#4630);
#4630 = AXIS2_PLACEMENT_3D('',#4631,#4632,#4633);
#4631 = CARTESIAN_POINT('',(1.6,17.2,108.4));
#4632 = DIRECTION('',(-1.,-0.,-0.));
#4633 = DIRECTION('',(0.,-1.,0.));
#4634 = ADVANCED_FACE('',(#4635),#4653,.F.);
#4635 = FACE_BOUND('',#4636,.F.);
#4636 = EDGE_LOOP('',(#4637,#4645,#4651,#4652));
#4637 = ORIENTED_EDGE('',*,*,#4638,.T.);
#4638 = EDGE_CURVE('',#4467,#4639,#4641,.T.);
#4639 = VERTEX_POINT('',#4640);
#4640 = CARTESIAN_POINT('',(0.,17.2,107.4));
#4641 = LINE('',#4642,#4643);
#4642 = CARTESIAN_POINT('',(0.,17.2,108.4));
#4643 = VECTOR('',#4644,1.);
#4644 = DIRECTION('',(0.,0.,-1.));
#4645 = ORIENTED_EDGE('',*,*,#4646,.T.);
#4646 = EDGE_CURVE('',#4639,#4607,#4647,.T.);
#4647 = LINE('',#4648,#4649);
#4648 = CARTESIAN_POINT('',(0.,17.2,107.4));
#4649 = VECTOR('',#4650,1.);
#4650 = DIRECTION('',(1.,0.,0.));
#4651 = ORIENTED_EDGE('',*,*,#4606,.F.);
#4652 = ORIENTED_EDGE('',*,*,#4474,.F.);
#4653 = PLANE('',#4654);
#4654 = AXIS2_PLACEMENT_3D('',#4655,#4656,#4657);
#4655 = CARTESIAN_POINT('',(0.,17.2,108.4));
#4656 = DIRECTION('',(0.,-1.,0.));
#4657 = DIRECTION('',(1.,0.,0.));
#4658 = ADVANCED_FACE('',(#4659),#4684,.F.);
#4659 = FACE_BOUND('',#4660,.F.);
#4660 = EDGE_LOOP('',(#4661,#4669,#4670,#4678));
#4661 = ORIENTED_EDGE('',*,*,#4662,.T.);
#4662 = EDGE_CURVE('',#4663,#4467,#4665,.T.);
#4663 = VERTEX_POINT('',#4664);
#4664 = CARTESIAN_POINT('',(0.,17.2,110.));
#4665 = LINE('',#4666,#4667);
#4666 = CARTESIAN_POINT('',(0.,17.2,110.));
#4667 = VECTOR('',#4668,1.);
#4668 = DIRECTION('',(-0.,-0.,-1.));
#4669 = ORIENTED_EDGE('',*,*,#4466,.T.);
#4670 = ORIENTED_EDGE('',*,*,#4671,.F.);
#4671 = EDGE_CURVE('',#4672,#4459,#4674,.T.);
#4672 = VERTEX_POINT('',#4673);
#4673 = CARTESIAN_POINT('',(7.5,21.9,110.));
#4674 = LINE('',#4675,#4676);
#4675 = CARTESIAN_POINT('',(7.5,21.9,110.));
#4676 = VECTOR('',#4677,1.);
#4677 = DIRECTION('',(-0.,-0.,-1.));
#4678 = ORIENTED_EDGE('',*,*,#4679,.F.);
#4679 = EDGE_CURVE('',#4663,#4672,#4680,.T.);
#4680 = LINE('',#4681,#4682);
#4681 = CARTESIAN_POINT('',(0.,17.2,110.));
#4682 = VECTOR('',#4683,1.);
#4683 = DIRECTION('',(0.847362967068,0.531014126029,0.));
#4684 = PLANE('',#4685);
#4685 = AXIS2_PLACEMENT_3D('',#4686,#4687,#4688);
#4686 = CARTESIAN_POINT('',(0.,17.2,110.));
#4687 = DIRECTION('',(0.531014126029,-0.847362967068,0.));
#4688 = DIRECTION('',(0.847362967068,0.531014126029,0.));
#4689 = ADVANCED_FACE('',(#4690),#4708,.F.);
#4690 = FACE_BOUND('',#4691,.F.);
#4691 = EDGE_LOOP('',(#4692,#4693,#4694,#4702));
#4692 = ORIENTED_EDGE('',*,*,#4671,.T.);
#4693 = ORIENTED_EDGE('',*,*,#4458,.T.);
#4694 = ORIENTED_EDGE('',*,*,#4695,.F.);
#4695 = EDGE_CURVE('',#4696,#4451,#4698,.T.);
#4696 = VERTEX_POINT('',#4697);
#4697 = CARTESIAN_POINT('',(13.699999999941,21.9,110.));
#4698 = LINE('',#4699,#4700);
#4699 = CARTESIAN_POINT('',(13.699999999941,21.9,110.));
#4700 = VECTOR('',#4701,1.);
#4701 = DIRECTION('',(-0.,-0.,-1.));
#4702 = ORIENTED_EDGE('',*,*,#4703,.F.);
#4703 = EDGE_CURVE('',#4672,#4696,#4704,.T.);
#4704 = LINE('',#4705,#4706);
#4705 = CARTESIAN_POINT('',(7.5,21.9,110.));
#4706 = VECTOR('',#4707,1.);
#4707 = DIRECTION('',(1.,0.,0.));
#4708 = PLANE('',#4709);
#4709 = AXIS2_PLACEMENT_3D('',#4710,#4711,#4712);
#4710 = CARTESIAN_POINT('',(7.5,21.9,110.));
#4711 = DIRECTION('',(0.,-1.,0.));
#4712 = DIRECTION('',(1.,0.,0.));
#4713 = ADVANCED_FACE('',(#4714),#4725,.F.);
#4714 = FACE_BOUND('',#4715,.F.);
#4715 = EDGE_LOOP('',(#4716,#4717,#4718,#4719));
#4716 = ORIENTED_EDGE('',*,*,#4695,.T.);
#4717 = ORIENTED_EDGE('',*,*,#4450,.T.);
#4718 = ORIENTED_EDGE('',*,*,#4583,.F.);
#4719 = ORIENTED_EDGE('',*,*,#4720,.F.);
#4720 = EDGE_CURVE('',#4696,#4584,#4721,.T.);
#4721 = LINE('',#4722,#4723);
#4722 = CARTESIAN_POINT('',(13.699999999941,21.9,110.));
#4723 = VECTOR('',#4724,1.);
#4724 = DIRECTION('',(0.847362967069,-0.531014126026,0.));
#4725 = PLANE('',#4726);
#4726 = AXIS2_PLACEMENT_3D('',#4727,#4728,#4729);
#4727 = CARTESIAN_POINT('',(13.699999999941,21.9,110.));
#4728 = DIRECTION('',(-0.531014126026,-0.847362967069,0.));
#4729 = DIRECTION('',(0.847362967069,-0.531014126026,0.));
#4730 = ADVANCED_FACE('',(#4731),#4750,.F.);
#4731 = FACE_BOUND('',#4732,.F.);
#4732 = EDGE_LOOP('',(#4733,#4741,#4742,#4743));
#4733 = ORIENTED_EDGE('',*,*,#4734,.T.);
#4734 = EDGE_CURVE('',#4735,#4491,#4737,.T.);
#4735 = VERTEX_POINT('',#4736);
#4736 = CARTESIAN_POINT('',(12.2,18.7,110.));
#4737 = LINE('',#4738,#4739);
#4738 = CARTESIAN_POINT('',(12.2,18.7,110.));
#4739 = VECTOR('',#4740,1.);
#4740 = DIRECTION('',(-0.,-0.,-1.));
#4741 = ORIENTED_EDGE('',*,*,#4490,.T.);
#4742 = ORIENTED_EDGE('',*,*,#4734,.F.);
#4743 = ORIENTED_EDGE('',*,*,#4744,.F.);
#4744 = EDGE_CURVE('',#4735,#4735,#4745,.T.);
#4745 = CIRCLE('',#4746,1.6);
#4746 = AXIS2_PLACEMENT_3D('',#4747,#4748,#4749);
#4747 = CARTESIAN_POINT('',(10.6,18.7,110.));
#4748 = DIRECTION('',(0.,0.,1.));
#4749 = DIRECTION('',(1.,0.,0.));
#4750 = CYLINDRICAL_SURFACE('',#4751,1.6);
#4751 = AXIS2_PLACEMENT_3D('',#4752,#4753,#4754);
#4752 = CARTESIAN_POINT('',(10.6,18.7,110.));
#4753 = DIRECTION('',(0.,0.,1.));
#4754 = DIRECTION('',(1.,0.,0.));
#4755 = ADVANCED_FACE('',(#4756,#4769),#4772,.T.);
#4756 = FACE_BOUND('',#4757,.F.);
#4757 = EDGE_LOOP('',(#4758,#4759,#4765,#4766,#4767,#4768));
#4758 = ORIENTED_EDGE('',*,*,#4531,.T.);
#4759 = ORIENTED_EDGE('',*,*,#4760,.T.);
#4760 = EDGE_CURVE('',#4534,#4663,#4761,.T.);
#4761 = LINE('',#4762,#4763);
#4762 = CARTESIAN_POINT('',(0.,13.2,110.));
#4763 = VECTOR('',#4764,1.);
#4764 = DIRECTION('',(0.,1.,0.));
#4765 = ORIENTED_EDGE('',*,*,#4679,.T.);
#4766 = ORIENTED_EDGE('',*,*,#4703,.T.);
#4767 = ORIENTED_EDGE('',*,*,#4720,.T.);
#4768 = ORIENTED_EDGE('',*,*,#4591,.T.);
#4769 = FACE_BOUND('',#4770,.F.);
#4770 = EDGE_LOOP('',(#4771));
#4771 = ORIENTED_EDGE('',*,*,#4744,.T.);
#4772 = PLANE('',#4773);
#4773 = AXIS2_PLACEMENT_3D('',#4774,#4775,#4776);
#4774 = CARTESIAN_POINT('',(10.599999999998,16.913598430855,110.));
#4775 = DIRECTION('',(0.,0.,1.));
#4776 = DIRECTION('',(1.,0.,0.));
#4777 = ADVANCED_FACE('',(#4778),#4798,.T.);
#4778 = FACE_BOUND('',#4779,.T.);
#4779 = EDGE_LOOP('',(#4780,#4781,#4789,#4795,#4796,#4797));
#4780 = ORIENTED_EDGE('',*,*,#4638,.T.);
#4781 = ORIENTED_EDGE('',*,*,#4782,.T.);
#4782 = EDGE_CURVE('',#4639,#4783,#4785,.T.);
#4783 = VERTEX_POINT('',#4784);
#4784 = CARTESIAN_POINT('',(0.,14.2,104.4));
#4785 = LINE('',#4786,#4787);
#4786 = CARTESIAN_POINT('',(0.,15.9,106.1));
#4787 = VECTOR('',#4788,1.);
#4788 = DIRECTION('',(0.,-0.707106781187,-0.707106781187));
#4789 = ORIENTED_EDGE('',*,*,#4790,.F.);
#4790 = EDGE_CURVE('',#4542,#4783,#4791,.T.);
#4791 = LINE('',#4792,#4793);
#4792 = CARTESIAN_POINT('',(0.,13.2,104.4));
#4793 = VECTOR('',#4794,1.);
#4794 = DIRECTION('',(0.,1.,0.));
#4795 = ORIENTED_EDGE('',*,*,#4541,.F.);
#4796 = ORIENTED_EDGE('',*,*,#4760,.T.);
#4797 = ORIENTED_EDGE('',*,*,#4662,.T.);
#4798 = PLANE('',#4799);
#4799 = AXIS2_PLACEMENT_3D('',#4800,#4801,#4802);
#4800 = CARTESIAN_POINT('',(0.,15.2,107.2));
#4801 = DIRECTION('',(-1.,-0.,-0.));
#4802 = DIRECTION('',(0.,0.,-1.));
#4803 = ADVANCED_FACE('',(#4804),#4815,.F.);
#4804 = FACE_BOUND('',#4805,.F.);
#4805 = EDGE_LOOP('',(#4806,#4807,#4813,#4814));
#4806 = ORIENTED_EDGE('',*,*,#4622,.F.);
#4807 = ORIENTED_EDGE('',*,*,#4808,.F.);
#4808 = EDGE_CURVE('',#4783,#4615,#4809,.T.);
#4809 = LINE('',#4810,#4811);
#4810 = CARTESIAN_POINT('',(0.,14.2,104.4));
#4811 = VECTOR('',#4812,1.);
#4812 = DIRECTION('',(1.,0.,0.));
#4813 = ORIENTED_EDGE('',*,*,#4790,.F.);
#4814 = ORIENTED_EDGE('',*,*,#4549,.F.);
#4815 = PLANE('',#4816);
#4816 = AXIS2_PLACEMENT_3D('',#4817,#4818,#4819);
#4817 = CARTESIAN_POINT('',(10.6,15.2,104.4));
#4818 = DIRECTION('',(0.,0.,1.));
#4819 = DIRECTION('',(1.,0.,0.));
#4820 = ADVANCED_FACE('',(#4821),#4827,.T.);
#4821 = FACE_BOUND('',#4822,.T.);
#4822 = EDGE_LOOP('',(#4823,#4824,#4825,#4826));
#4823 = ORIENTED_EDGE('',*,*,#4782,.F.);
#4824 = ORIENTED_EDGE('',*,*,#4646,.T.);
#4825 = ORIENTED_EDGE('',*,*,#4614,.T.);
#4826 = ORIENTED_EDGE('',*,*,#4808,.F.);
#4827 = PLANE('',#4828);
#4828 = AXIS2_PLACEMENT_3D('',#4829,#4830,#4831);
#4829 = CARTESIAN_POINT('',(0.,15.7,105.9));
#4830 = DIRECTION('',(-0.,0.707106781187,-0.707106781187));
#4831 = DIRECTION('',(1.,0.,-0.));
#4832 = ( GEOMETRIC_REPRESENTATION_CONTEXT(3) 
GLOBAL_UNCERTAINTY_ASSIGNED_CONTEXT((#4836)) 
GLOBAL_UNIT_ASSIGNED_CONTEXT((#4833,#4834,#4835)) REPRESENTATION_CONTEXT
('Context #1','3D Context with UNIT and UNCERTAINTY') );
#4833 = ( LENGTH_UNIT() NAMED_UNIT(*) SI_UNIT(.MILLI.,.METRE.) );
#4834 = ( NAMED_UNIT(*) PLANE_ANGLE_UNIT() SI_UNIT($,.RADIAN.) );
#4835 = ( NAMED_UNIT(*) SI_UNIT($,.STERADIAN.) SOLID_ANGLE_UNIT() );
#4836 = UNCERTAINTY_MEASURE_WITH_UNIT(LENGTH_MEASURE(1.E-07),#4833,
  'distance_accuracy_value','confusion accuracy');
#4837 = CONTEXT_DEPENDENT_SHAPE_REPRESENTATION(#4838,#4840);
#4838 = ( REPRESENTATION_RELATIONSHIP('','',#4330,#10) 
REPRESENTATION_RELATIONSHIP_WITH_TRANSFORMATION(#4839) 
SHAPE_REPRESENTATION_RELATIONSHIP() );
#4839 = ITEM_DEFINED_TRANSFORMATION('','',#11,#39);
#4840 = PRODUCT_DEFINITION_SHAPE('Placement','Placement of an item',
  #4841);
#4841 = NEXT_ASSEMBLY_USAGE_OCCURRENCE('7','screw_holder','',#5,#4325,$
  );
#4842 = PRODUCT_RELATED_PRODUCT_CATEGORY('part',$,(#4327));
#4843 = SHAPE_DEFINITION_REPRESENTATION(#4844,#4850);
#4844 = PRODUCT_DEFINITION_SHAPE('','',#4845);
#4845 = PRODUCT_DEFINITION('design','',#4846,#4849);
#4846 = PRODUCT_DEFINITION_FORMATION('','',#4847);
#4847 = PRODUCT('cart','cart','',(#4848));
#4848 = PRODUCT_CONTEXT('',#2,'mechanical');
#4849 = PRODUCT_DEFINITION_CONTEXT('part definition',#2,'design');
#4850 = ADVANCED_BREP_SHAPE_REPRESENTATION('',(#11,#4851),#5679);
#4851 = MANIFOLD_SOLID_BREP('',#4852);
#4852 = CLOSED_SHELL('',(#4853,#4893,#4990,#5021,#5081,#5194,#5211,#5235
    ,#5259,#5276,#5307,#5337,#5361,#5385,#5409,#5432,#5449,#5498,#5515,
    #5527,#5544,#5562,#5574,#5598,#5633,#5650,#5662));
#4853 = ADVANCED_FACE('',(#4854),#4888,.T.);
#4854 = FACE_BOUND('',#4855,.T.);
#4855 = EDGE_LOOP('',(#4856,#4866,#4874,#4882));
#4856 = ORIENTED_EDGE('',*,*,#4857,.T.);
#4857 = EDGE_CURVE('',#4858,#4860,#4862,.T.);
#4858 = VERTEX_POINT('',#4859);
#4859 = CARTESIAN_POINT('',(17.6,13.2,0.));
#4860 = VERTEX_POINT('',#4861);
#4861 = CARTESIAN_POINT('',(17.6,16.2,2.E-15));
#4862 = LINE('',#4863,#4864);
#4863 = CARTESIAN_POINT('',(17.6,13.2,-2.93E-15));
#4864 = VECTOR('',#4865,1.);
#4865 = DIRECTION('',(0.,1.,-2.2E-16));
#4866 = ORIENTED_EDGE('',*,*,#4867,.T.);
#4867 = EDGE_CURVE('',#4860,#4868,#4870,.T.);
#4868 = VERTEX_POINT('',#4869);
#4869 = CARTESIAN_POINT('',(19.199999999999,16.2,1.6));
#4870 = LINE('',#4871,#4872);
#4871 = CARTESIAN_POINT('',(17.6,16.2,3.552713678801E-15));
#4872 = VECTOR('',#4873,1.);
#4873 = DIRECTION('',(0.707106781186,-1.6E-16,0.707106781187));
#4874 = ORIENTED_EDGE('',*,*,#4875,.F.);
#4875 = EDGE_CURVE('',#4876,#4868,#4878,.T.);
#4876 = VERTEX_POINT('',#4877);
#4877 = CARTESIAN_POINT('',(19.199999999999,13.2,1.6));
#4878 = LINE('',#4879,#4880);
#4879 = CARTESIAN_POINT('',(19.199999999999,13.2,1.6));
#4880 = VECTOR('',#4881,1.);
#4881 = DIRECTION('',(0.,1.,-2.2E-16));
#4882 = ORIENTED_EDGE('',*,*,#4883,.F.);
#4883 = EDGE_CURVE('',#4858,#4876,#4884,.T.);
#4884 = LINE('',#4885,#4886);
#4885 = CARTESIAN_POINT('',(17.6,13.2,3.552713678801E-15));
#4886 = VECTOR('',#4887,1.);
#4887 = DIRECTION('',(0.707106781186,-1.6E-16,0.707106781187));
#4888 = PLANE('',#4889);
#4889 = AXIS2_PLACEMENT_3D('',#4890,#4891,#4892);
#4890 = CARTESIAN_POINT('',(17.6,13.2,-2.93E-15));
#4891 = DIRECTION('',(0.707106781187,-1.6E-16,-0.707106781186));
#4892 = DIRECTION('',(0.707106781186,1.6E-16,0.707106781187));
#4893 = ADVANCED_FACE('',(#4894,#4935),#4985,.T.);
#4894 = FACE_BOUND('',#4895,.T.);
#4895 = EDGE_LOOP('',(#4896,#4906,#4914,#4922,#4928,#4929));
#4896 = ORIENTED_EDGE('',*,*,#4897,.T.);
#4897 = EDGE_CURVE('',#4898,#4900,#4902,.T.);
#4898 = VERTEX_POINT('',#4899);
#4899 = CARTESIAN_POINT('',(3.6,13.2,0.));
#4900 = VERTEX_POINT('',#4901);
#4901 = CARTESIAN_POINT('',(3.6,16.2,2.E-15));
#4902 = LINE('',#4903,#4904);
#4903 = CARTESIAN_POINT('',(3.6,13.2,-3.1E-15));
#4904 = VECTOR('',#4905,1.);
#4905 = DIRECTION('',(0.,1.,-2.2E-16));
#4906 = ORIENTED_EDGE('',*,*,#4907,.F.);
#4907 = EDGE_CURVE('',#4908,#4900,#4910,.T.);
#4908 = VERTEX_POINT('',#4909);
#4909 = CARTESIAN_POINT('',(8.1,23.2,5.E-15));
#4910 = LINE('',#4911,#4912);
#4911 = CARTESIAN_POINT('',(8.1,23.2,5.15E-15));
#4912 = VECTOR('',#4913,1.);
#4913 = DIRECTION('',(-0.540757591313,-0.841178475377,-1.9E-16));
#4914 = ORIENTED_EDGE('',*,*,#4915,.F.);
#4915 = EDGE_CURVE('',#4916,#4908,#4918,.T.);
#4916 = VERTEX_POINT('',#4917);
#4917 = CARTESIAN_POINT('',(13.1,23.2,5.E-15));
#4918 = LINE('',#4919,#4920);
#4919 = CARTESIAN_POINT('',(13.1,23.2,5.15E-15));
#4920 = VECTOR('',#4921,1.);
#4921 = DIRECTION('',(-1.,-0.,0.));
#4922 = ORIENTED_EDGE('',*,*,#4923,.F.);
#4923 = EDGE_CURVE('',#4860,#4916,#4924,.T.);
#4924 = LINE('',#4925,#4926);
#4925 = CARTESIAN_POINT('',(17.6,16.2,3.6E-15));
#4926 = VECTOR('',#4927,1.);
#4927 = DIRECTION('',(-0.540757591313,0.841178475377,1.9E-16));
#4928 = ORIENTED_EDGE('',*,*,#4857,.F.);
#4929 = ORIENTED_EDGE('',*,*,#4930,.F.);
#4930 = EDGE_CURVE('',#4898,#4858,#4931,.T.);
#4931 = LINE('',#4932,#4933);
#4932 = CARTESIAN_POINT('',(3.6,13.2,3.552713678801E-15));
#4933 = VECTOR('',#4934,1.);
#4934 = DIRECTION('',(1.,0.,0.));
#4935 = FACE_BOUND('',#4936,.T.);
#4936 = EDGE_LOOP('',(#4937,#4947,#4955,#4963,#4971,#4979));
#4937 = ORIENTED_EDGE('',*,*,#4938,.F.);
#4938 = EDGE_CURVE('',#4939,#4941,#4943,.T.);
#4939 = VERTEX_POINT('',#4940);
#4940 = CARTESIAN_POINT('',(12.216580753731,15.9,-2.E-15));
#4941 = VERTEX_POINT('',#4942);
#4942 = CARTESIAN_POINT('',(8.983419246269,15.9,-2.E-15));
#4943 = LINE('',#4944,#4945);
#4944 = CARTESIAN_POINT('',(12.216580753731,15.9,-1.76E-15));
#4945 = VECTOR('',#4946,1.);
#4946 = DIRECTION('',(-1.,-0.,0.));
#4947 = ORIENTED_EDGE('',*,*,#4948,.F.);
#4948 = EDGE_CURVE('',#4949,#4939,#4951,.T.);
#4949 = VERTEX_POINT('',#4950);
#4950 = CARTESIAN_POINT('',(13.833161507462,18.7,-1.E-15));
#4951 = LINE('',#4952,#4953);
#4952 = CARTESIAN_POINT('',(13.833161507462,18.7,-1.14E-15));
#4953 = VECTOR('',#4954,1.);
#4954 = DIRECTION('',(-0.5,-0.866025403784,-1.9E-16));
#4955 = ORIENTED_EDGE('',*,*,#4956,.F.);
#4956 = EDGE_CURVE('',#4957,#4949,#4959,.T.);
#4957 = VERTEX_POINT('',#4958);
#4958 = CARTESIAN_POINT('',(12.216580753731,21.5,-1.E-15));
#4959 = LINE('',#4960,#4961);
#4960 = CARTESIAN_POINT('',(12.216580753731,21.5,-5.2E-16));
#4961 = VECTOR('',#4962,1.);
#4962 = DIRECTION('',(0.5,-0.866025403784,-1.9E-16));
#4963 = ORIENTED_EDGE('',*,*,#4964,.F.);
#4964 = EDGE_CURVE('',#4965,#4957,#4967,.T.);
#4965 = VERTEX_POINT('',#4966);
#4966 = CARTESIAN_POINT('',(8.983419246269,21.5,-1.E-15));
#4967 = LINE('',#4968,#4969);
#4968 = CARTESIAN_POINT('',(8.983419246269,21.5,-5.2E-16));
#4969 = VECTOR('',#4970,1.);
#4970 = DIRECTION('',(1.,0.,0.));
#4971 = ORIENTED_EDGE('',*,*,#4972,.F.);
#4972 = EDGE_CURVE('',#4973,#4965,#4975,.T.);
#4973 = VERTEX_POINT('',#4974);
#4974 = CARTESIAN_POINT('',(7.366838492538,18.7,-1.E-15));
#4975 = LINE('',#4976,#4977);
#4976 = CARTESIAN_POINT('',(7.366838492538,18.7,-1.14E-15));
#4977 = VECTOR('',#4978,1.);
#4978 = DIRECTION('',(0.5,0.866025403784,1.9E-16));
#4979 = ORIENTED_EDGE('',*,*,#4980,.F.);
#4980 = EDGE_CURVE('',#4941,#4973,#4981,.T.);
#4981 = LINE('',#4982,#4983);
#4982 = CARTESIAN_POINT('',(8.983419246269,15.9,-1.76E-15));
#4983 = VECTOR('',#4984,1.);
#4984 = DIRECTION('',(-0.5,0.866025403784,1.9E-16));
#4985 = PLANE('',#4986);
#4986 = AXIS2_PLACEMENT_3D('',#4987,#4988,#4989);
#4987 = CARTESIAN_POINT('',(10.6,17.214607204394,-1.47E-15));
#4988 = DIRECTION('',(0.,2.2E-16,-1.));
#4989 = DIRECTION('',(0.,1.,2.2E-16));
#4990 = ADVANCED_FACE('',(#4991),#5016,.T.);
#4991 = FACE_BOUND('',#4992,.T.);
#4992 = EDGE_LOOP('',(#4993,#4994,#5002,#5010));
#4993 = ORIENTED_EDGE('',*,*,#4875,.T.);
#4994 = ORIENTED_EDGE('',*,*,#4995,.T.);
#4995 = EDGE_CURVE('',#4868,#4996,#4998,.T.);
#4996 = VERTEX_POINT('',#4997);
#4997 = CARTESIAN_POINT('',(19.199999999999,16.2,10.4));
#4998 = LINE('',#4999,#5000);
#4999 = CARTESIAN_POINT('',(19.199999999999,16.2,1.6));
#5000 = VECTOR('',#5001,1.);
#5001 = DIRECTION('',(0.,-2.2E-16,1.));
#5002 = ORIENTED_EDGE('',*,*,#5003,.F.);
#5003 = EDGE_CURVE('',#5004,#4996,#5006,.T.);
#5004 = VERTEX_POINT('',#5005);
#5005 = CARTESIAN_POINT('',(19.199999999999,13.2,10.4));
#5006 = LINE('',#5007,#5008);
#5007 = CARTESIAN_POINT('',(19.199999999999,13.2,10.4));
#5008 = VECTOR('',#5009,1.);
#5009 = DIRECTION('',(0.,1.,-2.2E-16));
#5010 = ORIENTED_EDGE('',*,*,#5011,.F.);
#5011 = EDGE_CURVE('',#4876,#5004,#5012,.T.);
#5012 = LINE('',#5013,#5014);
#5013 = CARTESIAN_POINT('',(19.199999999999,13.2,1.6));
#5014 = VECTOR('',#5015,1.);
#5015 = DIRECTION('',(0.,-2.2E-16,1.));
#5016 = PLANE('',#5017);
#5017 = AXIS2_PLACEMENT_3D('',#5018,#5019,#5020);
#5018 = CARTESIAN_POINT('',(19.199999999999,13.2,1.6));
#5019 = DIRECTION('',(1.,0.,0.));
#5020 = DIRECTION('',(0.,2.2E-16,1.));
#5021 = ADVANCED_FACE('',(#5022,#5065),#5076,.F.);
#5022 = FACE_BOUND('',#5023,.T.);
#5023 = EDGE_LOOP('',(#5024,#5025,#5026,#5027,#5035,#5043,#5051,#5059));
#5024 = ORIENTED_EDGE('',*,*,#4930,.T.);
#5025 = ORIENTED_EDGE('',*,*,#4883,.T.);
#5026 = ORIENTED_EDGE('',*,*,#5011,.T.);
#5027 = ORIENTED_EDGE('',*,*,#5028,.T.);
#5028 = EDGE_CURVE('',#5004,#5029,#5031,.T.);
#5029 = VERTEX_POINT('',#5030);
#5030 = CARTESIAN_POINT('',(17.599999999999,13.2,12.));
#5031 = LINE('',#5032,#5033);
#5032 = CARTESIAN_POINT('',(19.199999999999,13.2,10.4));
#5033 = VECTOR('',#5034,1.);
#5034 = DIRECTION('',(-0.707106781187,-1.6E-16,0.707106781187));
#5035 = ORIENTED_EDGE('',*,*,#5036,.T.);
#5036 = EDGE_CURVE('',#5029,#5037,#5039,.T.);
#5037 = VERTEX_POINT('',#5038);
#5038 = CARTESIAN_POINT('',(3.600000000001,13.2,12.));
#5039 = LINE('',#5040,#5041);
#5040 = CARTESIAN_POINT('',(17.599999999999,13.2,12.));
#5041 = VECTOR('',#5042,1.);
#5042 = DIRECTION('',(-1.,0.,0.));
#5043 = ORIENTED_EDGE('',*,*,#5044,.T.);
#5044 = EDGE_CURVE('',#5037,#5045,#5047,.T.);
#5045 = VERTEX_POINT('',#5046);
#5046 = CARTESIAN_POINT('',(2.000000000001,13.2,10.4));
#5047 = LINE('',#5048,#5049);
#5048 = CARTESIAN_POINT('',(3.600000000001,13.2,12.));
#5049 = VECTOR('',#5050,1.);
#5050 = DIRECTION('',(-0.707106781187,1.6E-16,-0.707106781187));
#5051 = ORIENTED_EDGE('',*,*,#5052,.T.);
#5052 = EDGE_CURVE('',#5045,#5053,#5055,.T.);
#5053 = VERTEX_POINT('',#5054);
#5054 = CARTESIAN_POINT('',(2.000000000001,13.2,1.6));
#5055 = LINE('',#5056,#5057);
#5056 = CARTESIAN_POINT('',(2.000000000001,13.2,10.4));
#5057 = VECTOR('',#5058,1.);
#5058 = DIRECTION('',(0.,2.2E-16,-1.));
#5059 = ORIENTED_EDGE('',*,*,#5060,.T.);
#5060 = EDGE_CURVE('',#5053,#4898,#5061,.T.);
#5061 = LINE('',#5062,#5063);
#5062 = CARTESIAN_POINT('',(2.000000000001,13.2,1.6));
#5063 = VECTOR('',#5064,1.);
#5064 = DIRECTION('',(0.707106781186,1.6E-16,-0.707106781187));
#5065 = FACE_BOUND('',#5066,.F.);
#5066 = EDGE_LOOP('',(#5067));
#5067 = ORIENTED_EDGE('',*,*,#5068,.T.);
#5068 = EDGE_CURVE('',#5069,#5069,#5071,.T.);
#5069 = VERTEX_POINT('',#5070);
#5070 = CARTESIAN_POINT('',(13.65,13.2,6.));
#5071 = CIRCLE('',#5072,3.05);
#5072 = AXIS2_PLACEMENT_3D('',#5073,#5074,#5075);
#5073 = CARTESIAN_POINT('',(10.6,13.2,6.));
#5074 = DIRECTION('',(0.,-1.,-2.2E-16));
#5075 = DIRECTION('',(1.,0.,0.));
#5076 = PLANE('',#5077);
#5077 = AXIS2_PLACEMENT_3D('',#5078,#5079,#5080);
#5078 = CARTESIAN_POINT('',(10.6,13.2,6.));
#5079 = DIRECTION('',(0.,1.,-5.E-17));
#5080 = DIRECTION('',(0.,5.E-17,1.));
#5081 = ADVANCED_FACE('',(#5082,#5178),#5189,.T.);
#5082 = FACE_BOUND('',#5083,.T.);
#5083 = EDGE_LOOP('',(#5084,#5092,#5100,#5108,#5116,#5124,#5132,#5140,
    #5146,#5147,#5148,#5156,#5164,#5172));
#5084 = ORIENTED_EDGE('',*,*,#5085,.F.);
#5085 = EDGE_CURVE('',#4900,#5086,#5088,.T.);
#5086 = VERTEX_POINT('',#5087);
#5087 = CARTESIAN_POINT('',(3.6,16.2,2.4));
#5088 = LINE('',#5089,#5090);
#5089 = CARTESIAN_POINT('',(3.6,16.2,0.));
#5090 = VECTOR('',#5091,1.);
#5091 = DIRECTION('',(0.,0.,1.));
#5092 = ORIENTED_EDGE('',*,*,#5093,.F.);
#5093 = EDGE_CURVE('',#5094,#4900,#5096,.T.);
#5094 = VERTEX_POINT('',#5095);
#5095 = CARTESIAN_POINT('',(2.000000000001,16.2,1.6));
#5096 = LINE('',#5097,#5098);
#5097 = CARTESIAN_POINT('',(2.000000000001,16.2,1.6));
#5098 = VECTOR('',#5099,1.);
#5099 = DIRECTION('',(0.707106781186,1.6E-16,-0.707106781187));
#5100 = ORIENTED_EDGE('',*,*,#5101,.F.);
#5101 = EDGE_CURVE('',#5102,#5094,#5104,.T.);
#5102 = VERTEX_POINT('',#5103);
#5103 = CARTESIAN_POINT('',(2.000000000001,16.2,10.4));
#5104 = LINE('',#5105,#5106);
#5105 = CARTESIAN_POINT('',(2.000000000001,16.2,10.4));
#5106 = VECTOR('',#5107,1.);
#5107 = DIRECTION('',(0.,2.2E-16,-1.));
#5108 = ORIENTED_EDGE('',*,*,#5109,.F.);
#5109 = EDGE_CURVE('',#5110,#5102,#5112,.T.);
#5110 = VERTEX_POINT('',#5111);
#5111 = CARTESIAN_POINT('',(3.600000000001,16.2,12.));
#5112 = LINE('',#5113,#5114);
#5113 = CARTESIAN_POINT('',(3.600000000001,16.2,12.));
#5114 = VECTOR('',#5115,1.);
#5115 = DIRECTION('',(-0.707106781187,1.6E-16,-0.707106781187));
#5116 = ORIENTED_EDGE('',*,*,#5117,.T.);
#5117 = EDGE_CURVE('',#5110,#5118,#5120,.T.);
#5118 = VERTEX_POINT('',#5119);
#5119 = CARTESIAN_POINT('',(3.600000000001,16.2,9.6));
#5120 = LINE('',#5121,#5122);
#5121 = CARTESIAN_POINT('',(3.600000000001,16.2,12.));
#5122 = VECTOR('',#5123,1.);
#5123 = DIRECTION('',(0.,0.,-1.));
#5124 = ORIENTED_EDGE('',*,*,#5125,.F.);
#5125 = EDGE_CURVE('',#5126,#5118,#5128,.T.);
#5126 = VERTEX_POINT('',#5127);
#5127 = CARTESIAN_POINT('',(17.599999999999,16.2,9.6));
#5128 = LINE('',#5129,#5130);
#5129 = CARTESIAN_POINT('',(17.599999999999,16.2,9.6));
#5130 = VECTOR('',#5131,1.);
#5131 = DIRECTION('',(-1.,0.,0.));
#5132 = ORIENTED_EDGE('',*,*,#5133,.F.);
#5133 = EDGE_CURVE('',#5134,#5126,#5136,.T.);
#5134 = VERTEX_POINT('',#5135);
#5135 = CARTESIAN_POINT('',(17.599999999999,16.2,12.));
#5136 = LINE('',#5137,#5138);
#5137 = CARTESIAN_POINT('',(17.599999999999,16.2,12.));
#5138 = VECTOR('',#5139,1.);
#5139 = DIRECTION('',(0.,0.,-1.));
#5140 = ORIENTED_EDGE('',*,*,#5141,.F.);
#5141 = EDGE_CURVE('',#4996,#5134,#5142,.T.);
#5142 = LINE('',#5143,#5144);
#5143 = CARTESIAN_POINT('',(19.199999999999,16.2,10.4));
#5144 = VECTOR('',#5145,1.);
#5145 = DIRECTION('',(-0.707106781187,-1.6E-16,0.707106781187));
#5146 = ORIENTED_EDGE('',*,*,#4995,.F.);
#5147 = ORIENTED_EDGE('',*,*,#4867,.F.);
#5148 = ORIENTED_EDGE('',*,*,#5149,.T.);
#5149 = EDGE_CURVE('',#4860,#5150,#5152,.T.);
#5150 = VERTEX_POINT('',#5151);
#5151 = CARTESIAN_POINT('',(17.6,16.2,2.4));
#5152 = LINE('',#5153,#5154);
#5153 = CARTESIAN_POINT('',(17.6,16.2,0.));
#5154 = VECTOR('',#5155,1.);
#5155 = DIRECTION('',(0.,0.,1.));
#5156 = ORIENTED_EDGE('',*,*,#5157,.F.);
#5157 = EDGE_CURVE('',#5158,#5150,#5160,.T.);
#5158 = VERTEX_POINT('',#5159);
#5159 = CARTESIAN_POINT('',(12.389785834488,16.2,2.4));
#5160 = LINE('',#5161,#5162);
#5161 = CARTESIAN_POINT('',(3.6,16.2,2.4));
#5162 = VECTOR('',#5163,1.);
#5163 = DIRECTION('',(1.,0.,0.));
#5164 = ORIENTED_EDGE('',*,*,#5165,.F.);
#5165 = EDGE_CURVE('',#5166,#5158,#5168,.T.);
#5166 = VERTEX_POINT('',#5167);
#5167 = CARTESIAN_POINT('',(8.810214165512,16.2,2.4));
#5168 = LINE('',#5169,#5170);
#5169 = CARTESIAN_POINT('',(3.6,16.2,2.4));
#5170 = VECTOR('',#5171,1.);
#5171 = DIRECTION('',(1.,0.,0.));
#5172 = ORIENTED_EDGE('',*,*,#5173,.F.);
#5173 = EDGE_CURVE('',#5086,#5166,#5174,.T.);
#5174 = LINE('',#5175,#5176);
#5175 = CARTESIAN_POINT('',(3.6,16.2,2.4));
#5176 = VECTOR('',#5177,1.);
#5177 = DIRECTION('',(1.,0.,0.));
#5178 = FACE_BOUND('',#5179,.T.);
#5179 = EDGE_LOOP('',(#5180));
#5180 = ORIENTED_EDGE('',*,*,#5181,.T.);
#5181 = EDGE_CURVE('',#5182,#5182,#5184,.T.);
#5182 = VERTEX_POINT('',#5183);
#5183 = CARTESIAN_POINT('',(13.65,16.2,6.));
#5184 = CIRCLE('',#5185,3.05);
#5185 = AXIS2_PLACEMENT_3D('',#5186,#5187,#5188);
#5186 = CARTESIAN_POINT('',(10.6,16.2,6.));
#5187 = DIRECTION('',(0.,-1.,-2.2E-16));
#5188 = DIRECTION('',(1.,0.,0.));
#5189 = PLANE('',#5190);
#5190 = AXIS2_PLACEMENT_3D('',#5191,#5192,#5193);
#5191 = CARTESIAN_POINT('',(10.6,16.2,6.));
#5192 = DIRECTION('',(0.,1.,-5.E-17));
#5193 = DIRECTION('',(0.,5.E-17,1.));
#5194 = ADVANCED_FACE('',(#5195),#5206,.T.);
#5195 = FACE_BOUND('',#5196,.T.);
#5196 = EDGE_LOOP('',(#5197,#5203,#5204,#5205));
#5197 = ORIENTED_EDGE('',*,*,#5198,.T.);
#5198 = EDGE_CURVE('',#5053,#5094,#5199,.T.);
#5199 = LINE('',#5200,#5201);
#5200 = CARTESIAN_POINT('',(2.000000000001,13.2,1.6));
#5201 = VECTOR('',#5202,1.);
#5202 = DIRECTION('',(0.,1.,-2.2E-16));
#5203 = ORIENTED_EDGE('',*,*,#5093,.T.);
#5204 = ORIENTED_EDGE('',*,*,#4897,.F.);
#5205 = ORIENTED_EDGE('',*,*,#5060,.F.);
#5206 = PLANE('',#5207);
#5207 = AXIS2_PLACEMENT_3D('',#5208,#5209,#5210);
#5208 = CARTESIAN_POINT('',(2.000000000001,13.2,1.6));
#5209 = DIRECTION('',(-0.707106781187,-1.6E-16,-0.707106781186));
#5210 = DIRECTION('',(0.707106781186,-1.6E-16,-0.707106781187));
#5211 = ADVANCED_FACE('',(#5212),#5230,.F.);
#5212 = FACE_BOUND('',#5213,.F.);
#5213 = EDGE_LOOP('',(#5214,#5222,#5228,#5229));
#5214 = ORIENTED_EDGE('',*,*,#5215,.T.);
#5215 = EDGE_CURVE('',#4908,#5216,#5218,.T.);
#5216 = VERTEX_POINT('',#5217);
#5217 = CARTESIAN_POINT('',(8.1,23.2,2.4));
#5218 = LINE('',#5219,#5220);
#5219 = CARTESIAN_POINT('',(8.1,23.2,0.));
#5220 = VECTOR('',#5221,1.);
#5221 = DIRECTION('',(0.,0.,1.));
#5222 = ORIENTED_EDGE('',*,*,#5223,.T.);
#5223 = EDGE_CURVE('',#5216,#5086,#5224,.T.);
#5224 = LINE('',#5225,#5226);
#5225 = CARTESIAN_POINT('',(8.1,23.2,2.4));
#5226 = VECTOR('',#5227,1.);
#5227 = DIRECTION('',(-0.540757591313,-0.841178475377,-1.9E-16));
#5228 = ORIENTED_EDGE('',*,*,#5085,.F.);
#5229 = ORIENTED_EDGE('',*,*,#4907,.F.);
#5230 = PLANE('',#5231);
#5231 = AXIS2_PLACEMENT_3D('',#5232,#5233,#5234);
#5232 = CARTESIAN_POINT('',(8.1,23.2,0.));
#5233 = DIRECTION('',(0.841178475377,-0.540757591313,0.));
#5234 = DIRECTION('',(-0.540757591313,-0.841178475377,0.));
#5235 = ADVANCED_FACE('',(#5236),#5254,.F.);
#5236 = FACE_BOUND('',#5237,.F.);
#5237 = EDGE_LOOP('',(#5238,#5246,#5252,#5253));
#5238 = ORIENTED_EDGE('',*,*,#5239,.T.);
#5239 = EDGE_CURVE('',#4916,#5240,#5242,.T.);
#5240 = VERTEX_POINT('',#5241);
#5241 = CARTESIAN_POINT('',(13.1,23.2,2.4));
#5242 = LINE('',#5243,#5244);
#5243 = CARTESIAN_POINT('',(13.1,23.2,0.));
#5244 = VECTOR('',#5245,1.);
#5245 = DIRECTION('',(0.,0.,1.));
#5246 = ORIENTED_EDGE('',*,*,#5247,.T.);
#5247 = EDGE_CURVE('',#5240,#5216,#5248,.T.);
#5248 = LINE('',#5249,#5250);
#5249 = CARTESIAN_POINT('',(13.1,23.2,2.4));
#5250 = VECTOR('',#5251,1.);
#5251 = DIRECTION('',(-1.,-0.,0.));
#5252 = ORIENTED_EDGE('',*,*,#5215,.F.);
#5253 = ORIENTED_EDGE('',*,*,#4915,.F.);
#5254 = PLANE('',#5255);
#5255 = AXIS2_PLACEMENT_3D('',#5256,#5257,#5258);
#5256 = CARTESIAN_POINT('',(13.1,23.2,0.));
#5257 = DIRECTION('',(0.,-1.,0.));
#5258 = DIRECTION('',(-1.,0.,0.));
#5259 = ADVANCED_FACE('',(#5260),#5271,.F.);
#5260 = FACE_BOUND('',#5261,.F.);
#5261 = EDGE_LOOP('',(#5262,#5263,#5269,#5270));
#5262 = ORIENTED_EDGE('',*,*,#5149,.T.);
#5263 = ORIENTED_EDGE('',*,*,#5264,.T.);
#5264 = EDGE_CURVE('',#5150,#5240,#5265,.T.);
#5265 = LINE('',#5266,#5267);
#5266 = CARTESIAN_POINT('',(17.6,16.2,2.4));
#5267 = VECTOR('',#5268,1.);
#5268 = DIRECTION('',(-0.540757591313,0.841178475377,1.9E-16));
#5269 = ORIENTED_EDGE('',*,*,#5239,.F.);
#5270 = ORIENTED_EDGE('',*,*,#4923,.F.);
#5271 = PLANE('',#5272);
#5272 = AXIS2_PLACEMENT_3D('',#5273,#5274,#5275);
#5273 = CARTESIAN_POINT('',(17.6,16.2,0.));
#5274 = DIRECTION('',(-0.841178475377,-0.540757591313,0.));
#5275 = DIRECTION('',(-0.540757591313,0.841178475377,0.));
#5276 = ADVANCED_FACE('',(#5277),#5302,.F.);
#5277 = FACE_BOUND('',#5278,.F.);
#5278 = EDGE_LOOP('',(#5279,#5287,#5295,#5301));
#5279 = ORIENTED_EDGE('',*,*,#5280,.T.);
#5280 = EDGE_CURVE('',#4939,#5281,#5283,.T.);
#5281 = VERTEX_POINT('',#5282);
#5282 = CARTESIAN_POINT('',(12.216580753731,15.9,2.4));
#5283 = LINE('',#5284,#5285);
#5284 = CARTESIAN_POINT('',(12.216580753731,15.9,-5.29E-15));
#5285 = VECTOR('',#5286,1.);
#5286 = DIRECTION('',(0.,0.,1.));
#5287 = ORIENTED_EDGE('',*,*,#5288,.T.);
#5288 = EDGE_CURVE('',#5281,#5289,#5291,.T.);
#5289 = VERTEX_POINT('',#5290);
#5290 = CARTESIAN_POINT('',(8.983419246269,15.9,2.4));
#5291 = LINE('',#5292,#5293);
#5292 = CARTESIAN_POINT('',(12.216580753731,15.9,2.4));
#5293 = VECTOR('',#5294,1.);
#5294 = DIRECTION('',(-1.,-0.,0.));
#5295 = ORIENTED_EDGE('',*,*,#5296,.F.);
#5296 = EDGE_CURVE('',#4941,#5289,#5297,.T.);
#5297 = LINE('',#5298,#5299);
#5298 = CARTESIAN_POINT('',(8.983419246269,15.9,-5.29E-15));
#5299 = VECTOR('',#5300,1.);
#5300 = DIRECTION('',(0.,0.,1.));
#5301 = ORIENTED_EDGE('',*,*,#4938,.F.);
#5302 = PLANE('',#5303);
#5303 = AXIS2_PLACEMENT_3D('',#5304,#5305,#5306);
#5304 = CARTESIAN_POINT('',(12.216580753731,15.9,-5.29E-15));
#5305 = DIRECTION('',(0.,-1.,0.));
#5306 = DIRECTION('',(-1.,0.,0.));
#5307 = ADVANCED_FACE('',(#5308),#5332,.F.);
#5308 = FACE_BOUND('',#5309,.F.);
#5309 = EDGE_LOOP('',(#5310,#5311,#5317,#5325,#5331));
#5310 = ORIENTED_EDGE('',*,*,#5296,.T.);
#5311 = ORIENTED_EDGE('',*,*,#5312,.T.);
#5312 = EDGE_CURVE('',#5289,#5166,#5313,.T.);
#5313 = LINE('',#5314,#5315);
#5314 = CARTESIAN_POINT('',(8.983419246269,15.9,2.4));
#5315 = VECTOR('',#5316,1.);
#5316 = DIRECTION('',(-0.5,0.866025403784,1.9E-16));
#5317 = ORIENTED_EDGE('',*,*,#5318,.T.);
#5318 = EDGE_CURVE('',#5166,#5319,#5321,.T.);
#5319 = VERTEX_POINT('',#5320);
#5320 = CARTESIAN_POINT('',(7.366838492538,18.7,2.4));
#5321 = LINE('',#5322,#5323);
#5322 = CARTESIAN_POINT('',(8.983419246269,15.9,2.4));
#5323 = VECTOR('',#5324,1.);
#5324 = DIRECTION('',(-0.5,0.866025403784,1.9E-16));
#5325 = ORIENTED_EDGE('',*,*,#5326,.F.);
#5326 = EDGE_CURVE('',#4973,#5319,#5327,.T.);
#5327 = LINE('',#5328,#5329);
#5328 = CARTESIAN_POINT('',(7.366838492538,18.7,-5.29E-15));
#5329 = VECTOR('',#5330,1.);
#5330 = DIRECTION('',(0.,0.,1.));
#5331 = ORIENTED_EDGE('',*,*,#4980,.F.);
#5332 = PLANE('',#5333);
#5333 = AXIS2_PLACEMENT_3D('',#5334,#5335,#5336);
#5334 = CARTESIAN_POINT('',(8.983419246269,15.9,-5.29E-15));
#5335 = DIRECTION('',(-0.866025403784,-0.5,0.));
#5336 = DIRECTION('',(-0.5,0.866025403784,0.));
#5337 = ADVANCED_FACE('',(#5338),#5356,.F.);
#5338 = FACE_BOUND('',#5339,.F.);
#5339 = EDGE_LOOP('',(#5340,#5341,#5349,#5355));
#5340 = ORIENTED_EDGE('',*,*,#5326,.T.);
#5341 = ORIENTED_EDGE('',*,*,#5342,.T.);
#5342 = EDGE_CURVE('',#5319,#5343,#5345,.T.);
#5343 = VERTEX_POINT('',#5344);
#5344 = CARTESIAN_POINT('',(8.983419246269,21.5,2.4));
#5345 = LINE('',#5346,#5347);
#5346 = CARTESIAN_POINT('',(7.366838492538,18.7,2.4));
#5347 = VECTOR('',#5348,1.);
#5348 = DIRECTION('',(0.5,0.866025403784,1.9E-16));
#5349 = ORIENTED_EDGE('',*,*,#5350,.F.);
#5350 = EDGE_CURVE('',#4965,#5343,#5351,.T.);
#5351 = LINE('',#5352,#5353);
#5352 = CARTESIAN_POINT('',(8.983419246269,21.5,-5.29E-15));
#5353 = VECTOR('',#5354,1.);
#5354 = DIRECTION('',(0.,0.,1.));
#5355 = ORIENTED_EDGE('',*,*,#4972,.F.);
#5356 = PLANE('',#5357);
#5357 = AXIS2_PLACEMENT_3D('',#5358,#5359,#5360);
#5358 = CARTESIAN_POINT('',(7.366838492538,18.7,-5.29E-15));
#5359 = DIRECTION('',(-0.866025403784,0.5,0.));
#5360 = DIRECTION('',(0.5,0.866025403784,0.));
#5361 = ADVANCED_FACE('',(#5362),#5380,.F.);
#5362 = FACE_BOUND('',#5363,.F.);
#5363 = EDGE_LOOP('',(#5364,#5365,#5373,#5379));
#5364 = ORIENTED_EDGE('',*,*,#5350,.T.);
#5365 = ORIENTED_EDGE('',*,*,#5366,.T.);
#5366 = EDGE_CURVE('',#5343,#5367,#5369,.T.);
#5367 = VERTEX_POINT('',#5368);
#5368 = CARTESIAN_POINT('',(12.216580753731,21.5,2.4));
#5369 = LINE('',#5370,#5371);
#5370 = CARTESIAN_POINT('',(8.983419246269,21.5,2.4));
#5371 = VECTOR('',#5372,1.);
#5372 = DIRECTION('',(1.,0.,0.));
#5373 = ORIENTED_EDGE('',*,*,#5374,.F.);
#5374 = EDGE_CURVE('',#4957,#5367,#5375,.T.);
#5375 = LINE('',#5376,#5377);
#5376 = CARTESIAN_POINT('',(12.216580753731,21.5,-5.29E-15));
#5377 = VECTOR('',#5378,1.);
#5378 = DIRECTION('',(0.,0.,1.));
#5379 = ORIENTED_EDGE('',*,*,#4964,.F.);
#5380 = PLANE('',#5381);
#5381 = AXIS2_PLACEMENT_3D('',#5382,#5383,#5384);
#5382 = CARTESIAN_POINT('',(8.983419246269,21.5,-5.29E-15));
#5383 = DIRECTION('',(0.,1.,0.));
#5384 = DIRECTION('',(1.,0.,0.));
#5385 = ADVANCED_FACE('',(#5386),#5404,.F.);
#5386 = FACE_BOUND('',#5387,.F.);
#5387 = EDGE_LOOP('',(#5388,#5389,#5397,#5403));
#5388 = ORIENTED_EDGE('',*,*,#5374,.T.);
#5389 = ORIENTED_EDGE('',*,*,#5390,.T.);
#5390 = EDGE_CURVE('',#5367,#5391,#5393,.T.);
#5391 = VERTEX_POINT('',#5392);
#5392 = CARTESIAN_POINT('',(13.833161507462,18.7,2.4));
#5393 = LINE('',#5394,#5395);
#5394 = CARTESIAN_POINT('',(12.216580753731,21.5,2.4));
#5395 = VECTOR('',#5396,1.);
#5396 = DIRECTION('',(0.5,-0.866025403784,-1.9E-16));
#5397 = ORIENTED_EDGE('',*,*,#5398,.F.);
#5398 = EDGE_CURVE('',#4949,#5391,#5399,.T.);
#5399 = LINE('',#5400,#5401);
#5400 = CARTESIAN_POINT('',(13.833161507462,18.7,-5.29E-15));
#5401 = VECTOR('',#5402,1.);
#5402 = DIRECTION('',(0.,0.,1.));
#5403 = ORIENTED_EDGE('',*,*,#4956,.F.);
#5404 = PLANE('',#5405);
#5405 = AXIS2_PLACEMENT_3D('',#5406,#5407,#5408);
#5406 = CARTESIAN_POINT('',(12.216580753731,21.5,-5.29E-15));
#5407 = DIRECTION('',(0.866025403784,0.5,0.));
#5408 = DIRECTION('',(0.5,-0.866025403784,0.));
#5409 = ADVANCED_FACE('',(#5410),#5427,.F.);
#5410 = FACE_BOUND('',#5411,.F.);
#5411 = EDGE_LOOP('',(#5412,#5413,#5419,#5425,#5426));
#5412 = ORIENTED_EDGE('',*,*,#5398,.T.);
#5413 = ORIENTED_EDGE('',*,*,#5414,.T.);
#5414 = EDGE_CURVE('',#5391,#5158,#5415,.T.);
#5415 = LINE('',#5416,#5417);
#5416 = CARTESIAN_POINT('',(13.833161507462,18.7,2.4));
#5417 = VECTOR('',#5418,1.);
#5418 = DIRECTION('',(-0.5,-0.866025403784,-1.9E-16));
#5419 = ORIENTED_EDGE('',*,*,#5420,.T.);
#5420 = EDGE_CURVE('',#5158,#5281,#5421,.T.);
#5421 = LINE('',#5422,#5423);
#5422 = CARTESIAN_POINT('',(13.833161507462,18.7,2.4));
#5423 = VECTOR('',#5424,1.);
#5424 = DIRECTION('',(-0.5,-0.866025403784,-1.9E-16));
#5425 = ORIENTED_EDGE('',*,*,#5280,.F.);
#5426 = ORIENTED_EDGE('',*,*,#4948,.F.);
#5427 = PLANE('',#5428);
#5428 = AXIS2_PLACEMENT_3D('',#5429,#5430,#5431);
#5429 = CARTESIAN_POINT('',(13.833161507462,18.7,-5.29E-15));
#5430 = DIRECTION('',(0.866025403784,-0.5,0.));
#5431 = DIRECTION('',(-0.5,-0.866025403784,0.));
#5432 = ADVANCED_FACE('',(#5433),#5444,.T.);
#5433 = FACE_BOUND('',#5434,.T.);
#5434 = EDGE_LOOP('',(#5435,#5436,#5437,#5443));
#5435 = ORIENTED_EDGE('',*,*,#5003,.T.);
#5436 = ORIENTED_EDGE('',*,*,#5141,.T.);
#5437 = ORIENTED_EDGE('',*,*,#5438,.F.);
#5438 = EDGE_CURVE('',#5029,#5134,#5439,.T.);
#5439 = LINE('',#5440,#5441);
#5440 = CARTESIAN_POINT('',(17.599999999999,13.2,12.));
#5441 = VECTOR('',#5442,1.);
#5442 = DIRECTION('',(0.,1.,-2.2E-16));
#5443 = ORIENTED_EDGE('',*,*,#5028,.F.);
#5444 = PLANE('',#5445);
#5445 = AXIS2_PLACEMENT_3D('',#5446,#5447,#5448);
#5446 = CARTESIAN_POINT('',(19.199999999999,13.2,10.4));
#5447 = DIRECTION('',(0.707106781187,1.6E-16,0.707106781187));
#5448 = DIRECTION('',(-0.707106781187,1.6E-16,0.707106781187));
#5449 = ADVANCED_FACE('',(#5450,#5482),#5493,.T.);
#5450 = FACE_BOUND('',#5451,.T.);
#5451 = EDGE_LOOP('',(#5452,#5453,#5461,#5469,#5475,#5481));
#5452 = ORIENTED_EDGE('',*,*,#5438,.T.);
#5453 = ORIENTED_EDGE('',*,*,#5454,.F.);
#5454 = EDGE_CURVE('',#5455,#5134,#5457,.T.);
#5455 = VERTEX_POINT('',#5456);
#5456 = CARTESIAN_POINT('',(13.099999999998,23.2,12.));
#5457 = LINE('',#5458,#5459);
#5458 = CARTESIAN_POINT('',(13.099999999998,23.2,12.));
#5459 = VECTOR('',#5460,1.);
#5460 = DIRECTION('',(0.540757591314,-0.841178475377,-1.9E-16));
#5461 = ORIENTED_EDGE('',*,*,#5462,.F.);
#5462 = EDGE_CURVE('',#5463,#5455,#5465,.T.);
#5463 = VERTEX_POINT('',#5464);
#5464 = CARTESIAN_POINT('',(8.100000000001,23.2,12.));
#5465 = LINE('',#5466,#5467);
#5466 = CARTESIAN_POINT('',(8.100000000001,23.2,12.));
#5467 = VECTOR('',#5468,1.);
#5468 = DIRECTION('',(1.,0.,0.));
#5469 = ORIENTED_EDGE('',*,*,#5470,.F.);
#5470 = EDGE_CURVE('',#5110,#5463,#5471,.T.);
#5471 = LINE('',#5472,#5473);
#5472 = CARTESIAN_POINT('',(3.600000000001,16.2,12.));
#5473 = VECTOR('',#5474,1.);
#5474 = DIRECTION('',(0.540757591313,0.841178475377,1.9E-16));
#5475 = ORIENTED_EDGE('',*,*,#5476,.F.);
#5476 = EDGE_CURVE('',#5037,#5110,#5477,.T.);
#5477 = LINE('',#5478,#5479);
#5478 = CARTESIAN_POINT('',(3.600000000001,13.2,12.));
#5479 = VECTOR('',#5480,1.);
#5480 = DIRECTION('',(0.,1.,-2.2E-16));
#5481 = ORIENTED_EDGE('',*,*,#5036,.F.);
#5482 = FACE_BOUND('',#5483,.T.);
#5483 = EDGE_LOOP('',(#5484));
#5484 = ORIENTED_EDGE('',*,*,#5485,.F.);
#5485 = EDGE_CURVE('',#5486,#5486,#5488,.T.);
#5486 = VERTEX_POINT('',#5487);
#5487 = CARTESIAN_POINT('',(9.000000000001,18.7,12.));
#5488 = CIRCLE('',#5489,1.6);
#5489 = AXIS2_PLACEMENT_3D('',#5490,#5491,#5492);
#5490 = CARTESIAN_POINT('',(10.600000000001,18.7,12.));
#5491 = DIRECTION('',(0.,-2.2E-16,1.));
#5492 = DIRECTION('',(-1.,0.,0.));
#5493 = PLANE('',#5494);
#5494 = AXIS2_PLACEMENT_3D('',#5495,#5496,#5497);
#5495 = CARTESIAN_POINT('',(10.6,17.214607204394,12.));
#5496 = DIRECTION('',(0.,-2.2E-16,1.));
#5497 = DIRECTION('',(0.,-1.,-2.2E-16));
#5498 = ADVANCED_FACE('',(#5499),#5510,.T.);
#5499 = FACE_BOUND('',#5500,.T.);
#5500 = EDGE_LOOP('',(#5501,#5502,#5503,#5509));
#5501 = ORIENTED_EDGE('',*,*,#5476,.T.);
#5502 = ORIENTED_EDGE('',*,*,#5109,.T.);
#5503 = ORIENTED_EDGE('',*,*,#5504,.F.);
#5504 = EDGE_CURVE('',#5045,#5102,#5505,.T.);
#5505 = LINE('',#5506,#5507);
#5506 = CARTESIAN_POINT('',(2.000000000001,13.2,10.4));
#5507 = VECTOR('',#5508,1.);
#5508 = DIRECTION('',(0.,1.,-2.2E-16));
#5509 = ORIENTED_EDGE('',*,*,#5044,.F.);
#5510 = PLANE('',#5511);
#5511 = AXIS2_PLACEMENT_3D('',#5512,#5513,#5514);
#5512 = CARTESIAN_POINT('',(3.600000000001,13.2,12.));
#5513 = DIRECTION('',(-0.707106781187,1.6E-16,0.707106781187));
#5514 = DIRECTION('',(-0.707106781187,-1.6E-16,-0.707106781187));
#5515 = ADVANCED_FACE('',(#5516),#5522,.T.);
#5516 = FACE_BOUND('',#5517,.T.);
#5517 = EDGE_LOOP('',(#5518,#5519,#5520,#5521));
#5518 = ORIENTED_EDGE('',*,*,#5504,.T.);
#5519 = ORIENTED_EDGE('',*,*,#5101,.T.);
#5520 = ORIENTED_EDGE('',*,*,#5198,.F.);
#5521 = ORIENTED_EDGE('',*,*,#5052,.F.);
#5522 = PLANE('',#5523);
#5523 = AXIS2_PLACEMENT_3D('',#5524,#5525,#5526);
#5524 = CARTESIAN_POINT('',(2.000000000001,13.2,10.4));
#5525 = DIRECTION('',(-1.,0.,0.));
#5526 = DIRECTION('',(0.,-2.2E-16,-1.));
#5527 = ADVANCED_FACE('',(#5528),#5539,.F.);
#5528 = FACE_BOUND('',#5529,.F.);
#5529 = EDGE_LOOP('',(#5530,#5536,#5537,#5538));
#5530 = ORIENTED_EDGE('',*,*,#5531,.T.);
#5531 = EDGE_CURVE('',#5069,#5182,#5532,.T.);
#5532 = LINE('',#5533,#5534);
#5533 = CARTESIAN_POINT('',(13.65,13.2,6.));
#5534 = VECTOR('',#5535,1.);
#5535 = DIRECTION('',(0.,1.,-2.2E-16));
#5536 = ORIENTED_EDGE('',*,*,#5181,.T.);
#5537 = ORIENTED_EDGE('',*,*,#5531,.F.);
#5538 = ORIENTED_EDGE('',*,*,#5068,.F.);
#5539 = CYLINDRICAL_SURFACE('',#5540,3.05);
#5540 = AXIS2_PLACEMENT_3D('',#5541,#5542,#5543);
#5541 = CARTESIAN_POINT('',(10.6,13.2,6.));
#5542 = DIRECTION('',(0.,-1.,2.2E-16));
#5543 = DIRECTION('',(1.,0.,0.));
#5544 = ADVANCED_FACE('',(#5545),#5557,.T.);
#5545 = FACE_BOUND('',#5546,.T.);
#5546 = EDGE_LOOP('',(#5547,#5548,#5549,#5550,#5551,#5552,#5553,#5554,
    #5555,#5556));
#5547 = ORIENTED_EDGE('',*,*,#5223,.T.);
#5548 = ORIENTED_EDGE('',*,*,#5173,.T.);
#5549 = ORIENTED_EDGE('',*,*,#5318,.T.);
#5550 = ORIENTED_EDGE('',*,*,#5342,.T.);
#5551 = ORIENTED_EDGE('',*,*,#5366,.T.);
#5552 = ORIENTED_EDGE('',*,*,#5390,.T.);
#5553 = ORIENTED_EDGE('',*,*,#5414,.T.);
#5554 = ORIENTED_EDGE('',*,*,#5157,.T.);
#5555 = ORIENTED_EDGE('',*,*,#5264,.T.);
#5556 = ORIENTED_EDGE('',*,*,#5247,.T.);
#5557 = PLANE('',#5558);
#5558 = AXIS2_PLACEMENT_3D('',#5559,#5560,#5561);
#5559 = CARTESIAN_POINT('',(10.6,18.81624386641,2.4));
#5560 = DIRECTION('',(0.,-2.2E-16,1.));
#5561 = DIRECTION('',(1.,0.,0.));
#5562 = ADVANCED_FACE('',(#5563),#5569,.F.);
#5563 = FACE_BOUND('',#5564,.F.);
#5564 = EDGE_LOOP('',(#5565,#5566,#5567,#5568));
#5565 = ORIENTED_EDGE('',*,*,#5288,.F.);
#5566 = ORIENTED_EDGE('',*,*,#5420,.F.);
#5567 = ORIENTED_EDGE('',*,*,#5165,.F.);
#5568 = ORIENTED_EDGE('',*,*,#5312,.F.);
#5569 = PLANE('',#5570);
#5570 = AXIS2_PLACEMENT_3D('',#5571,#5572,#5573);
#5571 = CARTESIAN_POINT('',(10.6,18.7,2.4));
#5572 = DIRECTION('',(0.,-2.2E-16,1.));
#5573 = DIRECTION('',(1.,0.,0.));
#5574 = ADVANCED_FACE('',(#5575),#5593,.F.);
#5575 = FACE_BOUND('',#5576,.F.);
#5576 = EDGE_LOOP('',(#5577,#5585,#5591,#5592));
#5577 = ORIENTED_EDGE('',*,*,#5578,.T.);
#5578 = EDGE_CURVE('',#5455,#5579,#5581,.T.);
#5579 = VERTEX_POINT('',#5580);
#5580 = CARTESIAN_POINT('',(13.099999999998,23.2,9.6));
#5581 = LINE('',#5582,#5583);
#5582 = CARTESIAN_POINT('',(13.099999999998,23.2,12.));
#5583 = VECTOR('',#5584,1.);
#5584 = DIRECTION('',(0.,0.,-1.));
#5585 = ORIENTED_EDGE('',*,*,#5586,.T.);
#5586 = EDGE_CURVE('',#5579,#5126,#5587,.T.);
#5587 = LINE('',#5588,#5589);
#5588 = CARTESIAN_POINT('',(13.099999999998,23.2,9.6));
#5589 = VECTOR('',#5590,1.);
#5590 = DIRECTION('',(0.540757591314,-0.841178475377,-1.9E-16));
#5591 = ORIENTED_EDGE('',*,*,#5133,.F.);
#5592 = ORIENTED_EDGE('',*,*,#5454,.F.);
#5593 = PLANE('',#5594);
#5594 = AXIS2_PLACEMENT_3D('',#5595,#5596,#5597);
#5595 = CARTESIAN_POINT('',(13.099999999998,23.2,12.));
#5596 = DIRECTION('',(-0.841178475377,-0.540757591314,0.));
#5597 = DIRECTION('',(0.540757591314,-0.841178475377,0.));
#5598 = ADVANCED_FACE('',(#5599,#5617),#5628,.F.);
#5599 = FACE_BOUND('',#5600,.T.);
#5600 = EDGE_LOOP('',(#5601,#5602,#5610,#5616));
#5601 = ORIENTED_EDGE('',*,*,#5125,.T.);
#5602 = ORIENTED_EDGE('',*,*,#5603,.T.);
#5603 = EDGE_CURVE('',#5118,#5604,#5606,.T.);
#5604 = VERTEX_POINT('',#5605);
#5605 = CARTESIAN_POINT('',(8.100000000001,23.2,9.6));
#5606 = LINE('',#5607,#5608);
#5607 = CARTESIAN_POINT('',(3.600000000001,16.2,9.6));
#5608 = VECTOR('',#5609,1.);
#5609 = DIRECTION('',(0.540757591313,0.841178475377,1.9E-16));
#5610 = ORIENTED_EDGE('',*,*,#5611,.T.);
#5611 = EDGE_CURVE('',#5604,#5579,#5612,.T.);
#5612 = LINE('',#5613,#5614);
#5613 = CARTESIAN_POINT('',(8.100000000001,23.2,9.6));
#5614 = VECTOR('',#5615,1.);
#5615 = DIRECTION('',(1.,0.,0.));
#5616 = ORIENTED_EDGE('',*,*,#5586,.T.);
#5617 = FACE_BOUND('',#5618,.T.);
#5618 = EDGE_LOOP('',(#5619));
#5619 = ORIENTED_EDGE('',*,*,#5620,.T.);
#5620 = EDGE_CURVE('',#5621,#5621,#5623,.T.);
#5621 = VERTEX_POINT('',#5622);
#5622 = CARTESIAN_POINT('',(9.000000000001,18.7,9.6));
#5623 = CIRCLE('',#5624,1.6);
#5624 = AXIS2_PLACEMENT_3D('',#5625,#5626,#5627);
#5625 = CARTESIAN_POINT('',(10.600000000001,18.7,9.6));
#5626 = DIRECTION('',(0.,-2.2E-16,1.));
#5627 = DIRECTION('',(-1.,0.,0.));
#5628 = PLANE('',#5629);
#5629 = AXIS2_PLACEMENT_3D('',#5630,#5631,#5632);
#5630 = CARTESIAN_POINT('',(10.6,18.794258066186,9.6));
#5631 = DIRECTION('',(0.,-2.2E-16,1.));
#5632 = DIRECTION('',(1.,0.,0.));
#5633 = ADVANCED_FACE('',(#5634),#5645,.F.);
#5634 = FACE_BOUND('',#5635,.F.);
#5635 = EDGE_LOOP('',(#5636,#5637,#5638,#5644));
#5636 = ORIENTED_EDGE('',*,*,#5117,.T.);
#5637 = ORIENTED_EDGE('',*,*,#5603,.T.);
#5638 = ORIENTED_EDGE('',*,*,#5639,.F.);
#5639 = EDGE_CURVE('',#5463,#5604,#5640,.T.);
#5640 = LINE('',#5641,#5642);
#5641 = CARTESIAN_POINT('',(8.100000000001,23.2,12.));
#5642 = VECTOR('',#5643,1.);
#5643 = DIRECTION('',(0.,0.,-1.));
#5644 = ORIENTED_EDGE('',*,*,#5470,.F.);
#5645 = PLANE('',#5646);
#5646 = AXIS2_PLACEMENT_3D('',#5647,#5648,#5649);
#5647 = CARTESIAN_POINT('',(3.600000000001,16.2,12.));
#5648 = DIRECTION('',(0.841178475377,-0.540757591313,0.));
#5649 = DIRECTION('',(0.540757591313,0.841178475377,0.));
#5650 = ADVANCED_FACE('',(#5651),#5657,.F.);
#5651 = FACE_BOUND('',#5652,.F.);
#5652 = EDGE_LOOP('',(#5653,#5654,#5655,#5656));
#5653 = ORIENTED_EDGE('',*,*,#5639,.T.);
#5654 = ORIENTED_EDGE('',*,*,#5611,.T.);
#5655 = ORIENTED_EDGE('',*,*,#5578,.F.);
#5656 = ORIENTED_EDGE('',*,*,#5462,.F.);
#5657 = PLANE('',#5658);
#5658 = AXIS2_PLACEMENT_3D('',#5659,#5660,#5661);
#5659 = CARTESIAN_POINT('',(8.100000000001,23.2,12.));
#5660 = DIRECTION('',(0.,-1.,0.));
#5661 = DIRECTION('',(1.,0.,0.));
#5662 = ADVANCED_FACE('',(#5663),#5674,.F.);
#5663 = FACE_BOUND('',#5664,.F.);
#5664 = EDGE_LOOP('',(#5665,#5671,#5672,#5673));
#5665 = ORIENTED_EDGE('',*,*,#5666,.T.);
#5666 = EDGE_CURVE('',#5486,#5621,#5667,.T.);
#5667 = LINE('',#5668,#5669);
#5668 = CARTESIAN_POINT('',(9.000000000001,18.7,12.));
#5669 = VECTOR('',#5670,1.);
#5670 = DIRECTION('',(0.,0.,-1.));
#5671 = ORIENTED_EDGE('',*,*,#5620,.T.);
#5672 = ORIENTED_EDGE('',*,*,#5666,.F.);
#5673 = ORIENTED_EDGE('',*,*,#5485,.F.);
#5674 = CYLINDRICAL_SURFACE('',#5675,1.6);
#5675 = AXIS2_PLACEMENT_3D('',#5676,#5677,#5678);
#5676 = CARTESIAN_POINT('',(10.600000000001,18.7,12.));
#5677 = DIRECTION('',(0.,0.,1.));
#5678 = DIRECTION('',(-1.,0.,0.));
#5679 = ( GEOMETRIC_REPRESENTATION_CONTEXT(3) 
GLOBAL_UNCERTAINTY_ASSIGNED_CONTEXT((#5683)) 
GLOBAL_UNIT_ASSIGNED_CONTEXT((#5680,#5681,#5682)) REPRESENTATION_CONTEXT
('Context #1','3D Context with UNIT and UNCERTAINTY') );
#5680 = ( LENGTH_UNIT() NAMED_UNIT(*) SI_UNIT(.MILLI.,.METRE.) );
#5681 = ( NAMED_UNIT(*) PLANE_ANGLE_UNIT() SI_UNIT($,.RADIAN.) );
#5682 = ( NAMED_UNIT(*) SI_UNIT($,.STERADIAN.) SOLID_ANGLE_UNIT() );
#5683 = UNCERTAINTY_MEASURE_WITH_UNIT(LENGTH_MEASURE(1.E-07),#5680,
  'distance_accuracy_value','confusion accuracy');
#5684 = CONTEXT_DEPENDENT_SHAPE_REPRESENTATION(#5685,#5687);
#5685 = ( REPRESENTATION_RELATIONSHIP('','',#4850,#10) 
REPRESENTATION_RELATIONSHIP_WITH_TRANSFORMATION(#5686) 
SHAPE_REPRESENTATION_RELATIONSHIP() );
#5686 = ITEM_DEFINED_TRANSFORMATION('','',#11,#43);
#5687 = PRODUCT_DEFINITION_SHAPE('Placement','Placement of an item',
  #5688);
#5688 = NEXT_ASSEMBLY_USAGE_OCCURRENCE('8','cart','',#5,#4845,$);
#5689 = PRODUCT_RELATED_PRODUCT_CATEGORY('part',$,(#4847));
#5690 = MECHANICAL_DESIGN_GEOMETRIC_PRESENTATION_REPRESENTATION('',(
    #5691),#2859);
#5691 = STYLED_ITEM('color',(#5692),#2329);
#5692 = PRESENTATION_STYLE_ASSIGNMENT((#5693,#5699));
#5693 = SURFACE_STYLE_USAGE(.BOTH.,#5694);
#5694 = SURFACE_SIDE_STYLE('',(#5695));
#5695 = SURFACE_STYLE_FILL_AREA(#5696);
#5696 = FILL_AREA_STYLE('',(#5697));
#5697 = FILL_AREA_STYLE_COLOUR('',#5698);
#5698 = COLOUR_RGB('',0.380392165758,0.749019635948,0.729411790161);
#5699 = CURVE_STYLE('',#5700,POSITIVE_LENGTH_MEASURE(0.1),#5701);
#5700 = DRAUGHTING_PRE_DEFINED_CURVE_FONT('continuous');
#5701 = COLOUR_RGB('',9.803921802644E-02,9.803921802644E-02,
  9.803921802644E-02);
#5702 = MECHANICAL_DESIGN_GEOMETRIC_PRESENTATION_REPRESENTATION('',(
    #5703),#4832);
#5703 = STYLED_ITEM('color',(#5704),#4331);
#5704 = PRESENTATION_STYLE_ASSIGNMENT((#5705,#5711));
#5705 = SURFACE_STYLE_USAGE(.BOTH.,#5706);
#5706 = SURFACE_SIDE_STYLE('',(#5707));
#5707 = SURFACE_STYLE_FILL_AREA(#5708);
#5708 = FILL_AREA_STYLE('',(#5709));
#5709 = FILL_AREA_STYLE_COLOUR('',#5710);
#5710 = COLOUR_RGB('',0.800000010877,0.800000010877,0.901960800373);
#5711 = CURVE_STYLE('',#5712,POSITIVE_LENGTH_MEASURE(0.1),#5701);
#5712 = DRAUGHTING_PRE_DEFINED_CURVE_FONT('continuous');
#5713 = MECHANICAL_DESIGN_GEOMETRIC_PRESENTATION_REPRESENTATION('',(
    #5714),#3247);
#5714 = STYLED_ITEM('color',(#5715),#2878);
#5715 = PRESENTATION_STYLE_ASSIGNMENT((#5716,#5722));
#5716 = SURFACE_STYLE_USAGE(.BOTH.,#5717);
#5717 = SURFACE_SIDE_STYLE('',(#5718));
#5718 = SURFACE_STYLE_FILL_AREA(#5719);
#5719 = FILL_AREA_STYLE('',(#5720));
#5720 = FILL_AREA_STYLE_COLOUR('',#5721);
#5721 = COLOUR_RGB('',0.568627474046,3.137254979461E-02,0.745098043297);
#5722 = CURVE_STYLE('',#5723,POSITIVE_LENGTH_MEASURE(0.1),#5701);
#5723 = DRAUGHTING_PRE_DEFINED_CURVE_FONT('continuous');
#5724 = MECHANICAL_DESIGN_GEOMETRIC_PRESENTATION_REPRESENTATION('',(
    #5725),#2049);
#5725 = STYLED_ITEM('color',(#5726),#1078);
#5726 = PRESENTATION_STYLE_ASSIGNMENT((#5727,#5733));
#5727 = SURFACE_STYLE_USAGE(.BOTH.,#5728);
#5728 = SURFACE_SIDE_STYLE('',(#5729));
#5729 = SURFACE_STYLE_FILL_AREA(#5730);
#5730 = FILL_AREA_STYLE('',(#5731));
#5731 = FILL_AREA_STYLE_COLOUR('',#5732);
#5732 = COLOUR_RGB('',0.921568637116,0.399999997426,0.803921566584);
#5733 = CURVE_STYLE('',#5734,POSITIVE_LENGTH_MEASURE(0.1),#5701);
#5734 = DRAUGHTING_PRE_DEFINED_CURVE_FONT('continuous');
#5735 = MECHANICAL_DESIGN_GEOMETRIC_PRESENTATION_REPRESENTATION('',(
    #5736),#5679);
#5736 = STYLED_ITEM('color',(#5737),#4851);
#5737 = PRESENTATION_STYLE_ASSIGNMENT((#5738,#5743));
#5738 = SURFACE_STYLE_USAGE(.BOTH.,#5739);
#5739 = SURFACE_SIDE_STYLE('',(#5740));
#5740 = SURFACE_STYLE_FILL_AREA(#5741);
#5741 = FILL_AREA_STYLE('',(#5742));
#5742 = FILL_AREA_STYLE_COLOUR('',#5710);
#5743 = CURVE_STYLE('',#5744,POSITIVE_LENGTH_MEASURE(0.1),#5701);
#5744 = DRAUGHTING_PRE_DEFINED_CURVE_FONT('continuous');
#5745 = MECHANICAL_DESIGN_GEOMETRIC_PRESENTATION_REPRESENTATION('',(
    #5746),#2310);
#5746 = STYLED_ITEM('color',(#5747),#2068);
#5747 = PRESENTATION_STYLE_ASSIGNMENT((#5748,#5754));
#5748 = SURFACE_STYLE_USAGE(.BOTH.,#5749);
#5749 = SURFACE_SIDE_STYLE('',(#5750));
#5750 = SURFACE_STYLE_FILL_AREA(#5751);
#5751 = FILL_AREA_STYLE('',(#5752));
#5752 = FILL_AREA_STYLE_COLOUR('',#5753);
#5753 = COLOUR_RGB('',1.176470617298E-02,0.647058850868,0.870588247378);
#5754 = CURVE_STYLE('',#5755,POSITIVE_LENGTH_MEASURE(0.1),#5701);
#5755 = DRAUGHTING_PRE_DEFINED_CURVE_FONT('continuous');
#5756 = MECHANICAL_DESIGN_GEOMETRIC_PRESENTATION_REPRESENTATION('',(
    #5757),#1059);
#5757 = STYLED_ITEM('color',(#5758),#61);
#5758 = PRESENTATION_STYLE_ASSIGNMENT((#5759,#5764));
#5759 = SURFACE_STYLE_USAGE(.BOTH.,#5760);
#5760 = SURFACE_SIDE_STYLE('',(#5761));
#5761 = SURFACE_STYLE_FILL_AREA(#5762);
#5762 = FILL_AREA_STYLE('',(#5763));
#5763 = FILL_AREA_STYLE_COLOUR('',#5710);
#5764 = CURVE_STYLE('',#5765,POSITIVE_LENGTH_MEASURE(0.1),#5701);
#5765 = DRAUGHTING_PRE_DEFINED_CURVE_FONT('continuous');
#5766 = MECHANICAL_DESIGN_GEOMETRIC_PRESENTATION_REPRESENTATION('',(
    #5767),#4312);
#5767 = STYLED_ITEM('color',(#5768),#3266);
#5768 = PRESENTATION_STYLE_ASSIGNMENT((#5769,#5774));
#5769 = SURFACE_STYLE_USAGE(.BOTH.,#5770);
#5770 = SURFACE_SIDE_STYLE('',(#5771));
#5771 = SURFACE_STYLE_FILL_AREA(#5772);
#5772 = FILL_AREA_STYLE('',(#5773));
#5773 = FILL_AREA_STYLE_COLOUR('',#5710);
#5774 = CURVE_STYLE('',#5775,POSITIVE_LENGTH_MEASURE(0.1),#5701);
#5775 = DRAUGHTING_PRE_DEFINED_CURVE_FONT('continuous');
ENDSEC;
END-ISO-10303-21;
